LectureID,DateKey,SubgroupKey,UserCount,TotalStudents,RF_PredictedAttendanceRate,PredictedUserCount
387856,2025-12-01,5884225,13,36,0.33415335100910293,12.029520636327705
365223,2025-12-01,5893263,12,17,0.6754411606956874,11.482499731826685
388859,2025-12-01,5821002,3,5,0.6668111133149683,3.3340555665748415
363812,2025-12-01,5722844,8,33,0.3905404893010538,12.887836146934776
416614,2025-12-01,6043359,2,21,0.20835554509915807,4.37546644708232
388854,2025-12-01,5816336,10,14,0.711708224971979,9.963915149607708
387972,2025-12-01,5884217,3,32,0.22802241588432384,7.296717308298363
374168,2025-12-01,5818385,12,14,0.6788861087864902,9.504405523010863
365223,2025-12-01,6140692,2,3,0.6638243591325409,1.9914730773976226
418265,2025-12-01,6043364,9,9,0.8884120436415054,7.995708392773548
387868,2025-12-01,5884262,13,34,0.32743827032527134,11.132901191059226
388859,2025-12-01,5801212,14,17,0.7522551552256996,12.788337638836893
365223,2025-12-01,5899998,13,17,0.7070841881018837,12.020431197732023
370815,2025-12-01,5826047,8,10,0.5834781645697354,5.834781645697355
381648,2025-12-01,5938925,20,31,0.52312526007878,16.216883062442182
370815,2025-12-01,5983441,3,10,0.28976437801641436,2.8976437801641435
370815,2025-12-01,5878889,5,24,0.2210315291491445,5.304756699579468
370815,2025-12-01,5826124,4,20,0.23260721653366478,4.652144330673296
400718,2025-12-01,6078233,27,49,0.5260839465196461,25.778113379462656
411772,2025-12-01,6057030,10,19,0.4989273763285752,9.479620150242928
411791,2025-12-01,6057029,8,13,0.5298157935339864,6.887605315941824
411791,2025-12-01,6057052,2,8,0.35341536476322555,2.8273229181058044
411714,2025-12-01,6056999,9,16,0.5015910119162164,8.025456190659462
381446,2025-12-01,5938924,19,35,0.5063593636291216,17.722577727019257
382945,2025-12-01,5879755,15,33,0.5058567908813418,16.69327409908428
382945,2025-12-01,5976623,7,11,0.5851936004126975,6.437129604539673
473312,2025-12-01,5997865,23,41,0.5619207858072351,23.03875221809664
473300,2025-12-01,5879347,21,37,0.552124999983002,20.428624999371074
406600,2025-12-01,5978338,15,19,0.7194584231501577,13.669710039852998
370815,2025-12-01,5825893,4,20,0.23416302260669322,4.683260452133864
370815,2025-12-01,5825970,4,19,0.2627870957530447,4.992954819307849
411767,2025-12-01,6057030,6,19,0.4533978946142283,8.614559997670337
395713,2025-12-01,5997458,14,33,0.40252318995246245,13.283265268431261
371104,2025-12-01,5826120,19,26,0.7185797875188471,18.683074475490024
411817,2025-12-01,6057083,6,16,0.4529134615638759,7.2466153850220145
394348,2025-12-01,5879348,10,27,0.420685492953521,11.358508309745066
373680,2025-12-01,5826125,19,24,0.7874840360122953,18.899616864295087
370979,2025-12-01,5825971,18,22,0.8011525624418184,17.625356373720006
374168,2025-12-01,5799203,6,13,0.5169871814664497,6.720833359063846
439721,2025-12-01,5891227,24,43,0.5017668337101613,21.575973849536936
391984,2025-12-01,5778394,4,21,0.3097736499650638,6.50524664926634
391984,2025-12-01,5853353,4,14,0.2939688881623904,4.115564434273466
371104,2025-12-01,5878885,20,27,0.7119237220521594,19.221940495408305
391984,2025-12-01,5899843,3,15,0.26653195751555914,3.9979793627333873
406632,2025-12-01,6033764,12,19,0.622344181805561,11.824539454305658
409329,2025-12-01,5870308,10,17,0.5872142181694545,9.982641708880728
409342,2025-12-01,5870267,15,24,0.5779511494703191,13.870827587287659
409342,2025-12-01,5870308,10,17,0.5796577961731826,9.854182534944105
406561,2025-12-01,5870002,25,45,0.5112606471722732,23.00672912275229
406569,2025-12-01,5870002,8,45,0.3716454476595364,16.72404514467914
411714,2025-12-01,6056976,9,16,0.5110809420333747,8.177295072533996
391984,2025-12-01,5959395,6,17,0.32138172237415563,5.463489280360646
409329,2025-12-01,5870267,15,24,0.5988811742221125,14.3731481813307
452926,2025-12-01,5976667,8,12,0.5288555049590279,6.346266059508334
401171,2025-12-01,5726930,9,16,0.5207683675770248,8.332293881232397
392438,2025-12-01,5769412,48,75,0.5255721426892295,39.41791070169221
386404,2025-12-01,5753414,4,29,0.15188758918174575,4.4047400862706265
386404,2025-12-01,5816398,6,35,0.17160441120207778,6.006154392072722
386417,2025-12-01,5753414,4,29,0.1569640763209732,4.551958213308223
386417,2025-12-01,5816398,6,35,0.18062528735257316,6.321885057340061
401159,2025-12-01,5734058,15,23,0.6035253247419031,13.881082469063772
365223,2025-12-01,5777004,11,18,0.6019256229156092,10.834661212480967
401241,2025-12-01,5794527,7,14,0.424443601724332,5.942210424140648
401241,2025-12-01,5894751,6,20,0.34092783956798006,6.818556791359601
401241,2025-12-01,5984434,1,4,0.3752024969801615,1.500809987920646
394483,2025-12-01,5830069,7,11,0.5234370414041972,5.757807455446169
394483,2025-12-01,5807209,9,40,0.2663306740356659,10.653226961426636
383091,2025-12-01,5807005,6,26,0.24303574669203262,6.318929413992848
395325,2025-12-01,5788164,12,34,0.3109284566038682,10.571567524531519
383091,2025-12-01,5787960,2,12,0.21672669896345498,2.6007203875614597
392799,2025-12-01,6029559,27,45,0.5619743019531378,25.2888435878912
392809,2025-12-01,6029559,26,45,0.5420566087836621,24.392547395264796
393013,2025-12-01,6022766,17,20,0.6760061756665234,13.520123513330468
393025,2025-12-01,6022766,14,20,0.602556132139949,12.05112264279898
452926,2025-12-01,6115669,5,12,0.40520662571849736,4.862479508621968
382809,2025-12-01,5879555,9,31,0.35447160857996746,10.988619865978992
387571,2025-12-01,5796255,3,24,0.16127321870644395,3.870557248954655
392834,2025-12-01,6069579,18,38,0.4472498390854852,16.99549388524844
394496,2025-12-01,5807211,12,49,0.22406985507040877,10.97942289845003
387571,2025-12-01,5937307,8,44,0.19848166758886068,8.73319337390987
452926,2025-12-01,5753213,13,34,0.3262589444428744,11.09280411105773
399346,2025-12-01,5794142,11,18,0.5643848013671401,10.158926424608522
399356,2025-12-01,5794142,11,18,0.5712069734078055,10.281725521340498
395810,2025-12-01,5753213,3,34,0.15810192385792074,5.375465411169305
395810,2025-12-01,5976667,1,12,0.24272882005983484,2.912745840718018
469049,2025-12-01,5770907,7,14,0.456389726282973,6.3894561679616215
469045,2025-12-01,5770907,7,14,0.4918166493566837,6.885433090993572
394536,2025-12-01,5753214,7,29,0.2908496267790538,8.43463917659256
382826,2025-12-01,5866189,1,2,0.576390372903356,1.152780745806712
382826,2025-12-01,5816171,6,16,0.3998168262376378,6.397069219802205
382812,2025-12-01,6140971,2,2,0.8374950360402019,1.6749900720804038
382812,2025-12-01,5820837,3,7,0.48910524871761435,3.4237367410233004
382812,2025-12-01,5801047,9,21,0.47111715592323056,9.893460274387841
395823,2025-12-01,5939147,3,8,0.374347611743723,2.994780893949784
395823,2025-12-01,5788167,12,32,0.3542849141182501,11.337117251784003
391730,2025-12-01,5749122,12,68,0.1900620793107817,12.924221393133156
391754,2025-12-01,5747718,18,73,0.2379743238986893,17.37212564460432
391705,2025-12-01,5732871,20,61,0.28651495816694106,17.477412448183404
391717,2025-12-01,5732871,16,61,0.2449226438404394,14.940281274266804
395387,2025-12-01,5788370,14,68,0.20917488320582903,14.223892057996373
387571,2025-12-01,5976641,1,3,0.3383213524422182,1.0149640573266547
394496,2025-12-01,5830071,9,21,0.3541406093544988,7.4369527964444755
396866,2025-12-01,5794369,26,27,0.8290036640488052,22.38309892931774
365223,2025-12-01,5777339,23,30,0.6748353387425694,20.24506016227708
396866,2025-12-01,5824792,1,1,0.9144290111062827,0.9144290111062827
386443,2025-12-01,5889326,11,38,0.26276424325017333,9.985041243506586
468292,2025-12-01,5722831,4,33,0.3560617030552196,11.750036200822247
394854,2025-12-02,5776997,6,24,0.41990540979590196,10.077729835101646
373939,2025-12-02,5757961,5,10,0.42516429132771855,4.251642913277186
373939,2025-12-02,6117302,2,10,0.47987225007441925,4.7987225007441925
394509,2025-12-02,5787960,1,12,0.2626690770624363,3.152028924749236
394509,2025-12-02,5807005,5,26,0.28301284421126305,7.358333949492839
372913,2025-12-02,6117609,41,143,0.27181790175198184,38.869959950533406
373939,2025-12-02,6117392,3,10,0.37568213526358063,3.7568213526358063
395665,2025-12-02,5788172,15,31,0.42344244416460947,13.126715769102894
395974,2025-12-02,5937667,11,89,0.18518005307630575,16.48102472379121
367040,2025-12-02,6069978,6,63,0.14090926647954272,8.87728378821119
367040,2025-12-02,6070080,4,65,0.14365606132816297,9.337643986330592
394865,2025-12-02,5893256,8,15,0.5079000443827343,7.618500665741014
394865,2025-12-02,5777332,11,26,0.5114841265689886,13.298587290793703
394854,2025-12-02,6140687,2,4,0.43113099794187604,1.7245239917675041
395678,2025-12-02,5788172,15,31,0.4508093751079641,13.975090628346887
373878,2025-12-02,5785208,3,8,0.37225918065214986,2.978073445217199
373878,2025-12-02,5872641,2,5,0.4699718528648315,2.3498592643241576
373878,2025-12-02,5879216,6,7,0.4504949114064673,3.1534643798452713
373938,2025-12-02,5818432,5,10,0.431301275939864,4.3130127593986405
373938,2025-12-02,5853573,6,10,0.4800980075384816,4.800980075384816
373938,2025-12-02,5914965,8,10,0.44181169460621306,4.41811694606213
373938,2025-12-02,5922492,3,9,0.50974894819973,4.587740533797571
373938,2025-12-02,5990917,1,11,0.516440047753073,5.680840525283802
382427,2025-12-02,5997865,18,41,0.549303028656804,22.521424174928963
472099,2025-12-02,5957378,3,9,0.3616737884263541,3.255064095837187
391442,2025-12-02,6070080,7,65,0.1385363459733647,9.004862488268705
422400,2025-12-02,6041230,7,20,0.379573856572269,7.59147713144538
422400,2025-12-02,6041234,9,18,0.43242858076651863,7.7837144537973355
422400,2025-12-02,6041238,8,17,0.4424393102869244,7.521468274877715
403010,2025-12-02,5951634,1,1,0.4893035131505158,0.4893035131505158
403010,2025-12-02,5887880,10,27,0.32138097393390086,8.677286296215323
403010,2025-12-02,5795323,8,24,0.35819817536958637,8.596756208870072
402982,2025-12-02,5759580,3,16,0.37170277158787063,5.94724434540593
471197,2025-12-02,5759579,1,2,0.4055510526187519,0.8111021052375038
391060,2025-12-02,5855550,8,25,0.2905916584462039,7.264791461155097
473513,2025-12-02,6057660,1,11,0.34596557441740394,3.8056213185914434
407078,2025-12-02,6057660,1,11,0.3738615244093038,4.112476768502342
404887,2025-12-02,6062606,10,19,0.4950722949989108,9.406373604979306
394854,2025-12-02,5899991,9,16,0.5018507074279267,8.029611318846827
423005,2025-12-02,5869576,11,52,0.25341477264260714,13.177568177415571
422556,2025-12-02,5900978,13,36,0.4212241718781729,15.164070187614225
422556,2025-12-02,5733473,18,35,0.4203364270466169,14.711774946631591
422633,2025-12-02,5900974,12,24,0.3655923828797731,8.774217189114554
422633,2025-12-02,5853626,14,37,0.40164133966769056,14.860729567704551
474805,2025-12-02,5722841,19,33,0.5092090082221088,16.80389727132959
396367,2025-12-02,5889325,4,36,0.2179745349825497,7.847083259371789
365324,2025-12-02,5769422,15,50,0.3025925516774074,15.12962758387037
429025,2025-12-02,5785003,35,52,0.5812435524145695,30.224664725557613
392706,2025-12-02,5869852,5,44,0.1900104473786487,8.360459684660542
361003,2025-12-02,5957624,9,14,0.45769044207893983,6.407666189105157
368852,2025-12-02,5976932,1,11,0.26695867541334956,2.936545429546845
378753,2025-12-02,5794303,23,40,0.3922703612019102,15.69081444807641
391641,2025-12-02,5747211,27,53,0.3935728547023789,20.85936129922608
425646,2025-12-02,5747211,23,53,0.3577521513994516,18.960864024170935
395768,2025-12-02,5829216,11,33,0.3716834284920397,12.26555314023731
368852,2025-12-02,6043826,1,4,0.3726664957126528,1.4906659828506112
373938,2025-12-02,5758038,4,10,0.42987876943099385,4.298787694309938
365324,2025-12-02,5869581,3,22,0.28047993941980354,6.170558667235678
472112,2025-12-02,5753006,3,27,0.34354156083329224,9.275622142498891
472087,2025-12-02,6115689,3,19,0.2207115131030461,4.193518748957876
472087,2025-12-02,5753210,2,25,0.17745164076245024,4.436291019061256
472075,2025-12-02,6115689,2,19,0.22311280257577504,4.239143248939726
479708,2025-12-02,5794217,17,44,0.4040781994136196,17.779440774199262
472112,2025-12-02,5872325,3,20,0.2908151111690575,5.81630222338115
472075,2025-12-02,5830094,3,10,0.35064475083045554,3.5064475083045554
387624,2025-12-02,5796254,4,15,0.24057811583661845,3.608671737549277
379056,2025-12-02,5794217,20,44,0.407749091340348,17.94096001897531
387624,2025-12-02,5937306,8,26,0.3247782716324924,8.444235062444802
395138,2025-12-02,5788369,6,39,0.24009132031458222,9.363561492268706
395506,2025-12-02,5807006,10,28,0.38953633382399694,10.907017347071914
395581,2025-12-02,5807210,4,27,0.22012096497391895,5.943266054295812
395581,2025-12-02,5830070,2,5,0.3372849191895928,1.686424595947964
395519,2025-12-02,5872097,7,33,0.21046153291366526,6.945230586150954
395519,2025-12-02,5937510,11,49,0.25023733808521537,12.261629566175554
472075,2025-12-02,5753210,2,25,0.19725764478707108,4.931441119676777
395506,2025-12-02,5787961,5,9,0.43154365068942707,3.883892856204844
471383,2025-12-02,5829010,14,33,0.4041198494923249,13.335955033246721
373939,2025-12-02,5853496,4,10,0.41717325440510145,4.1717325440510145
394336,2025-12-02,5887179,1,19,0.4331915402593419,8.230639264927497
468302,2025-12-02,5722831,19,33,0.48302837886117855,15.939936502418892
395896,2025-12-02,5829013,9,33,0.2930008749151787,9.669028872200897
396055,2025-12-02,5879556,1,31,0.38245207917713325,11.856014454491131
391096,2025-12-02,5738853,19,51,0.20980265263877226,10.699935284577386
391084,2025-12-02,5797595,27,55,0.2861630863286487,15.738969748075677
387504,2025-12-02,5896134,6,14,0.5045504543300836,7.06370636062117
395896,2025-12-02,5830056,3,8,0.4625185522750267,3.7001484182002136
471473,2025-12-02,5879553,1,30,0.5006823725711513,15.02047117713454
395281,2025-12-02,5939153,1,4,0.2908311296594557,1.1633245186378227
395281,2025-12-02,5788377,6,21,0.3067070959901033,6.440849015792169
468296,2025-12-02,5722831,9,33,0.49114724409729454,16.20785905521072
391084,2025-12-02,5754560,24,58,0.2883077809230933,16.72185129353941
481796,2025-12-02,6081643,8,13,0.5275527715796297,6.858186030535186
381168,2025-12-02,5760221,15,19,0.5468773498168603,10.390669646520346
481797,2025-12-02,6081638,7,9,0.49608776369071034,4.464789873216393
472169,2025-12-02,5997463,13,32,0.42090642691798813,13.46900566137562
472143,2025-12-02,5879554,2,33,0.4333560593620777,14.300749958948565
406950,2025-12-02,5978354,14,27,0.5420184709344148,14.6344987152292
406958,2025-12-02,5978354,6,27,0.5091061626835305,13.745866392455323
394090,2025-12-02,6031543,2,27,0.34877302521083964,9.41687168069267
381831,2025-12-02,5760386,14,20,0.4537739721664148,9.075479443328296
391096,2025-12-02,5754056,25,57,0.21533531520438204,12.274112966649776
396862,2025-12-02,5824789,1,1,0.7734850821798719,0.7734850821798719
396862,2025-12-02,5794366,14,23,0.5279570033869345,12.143011077899494
329029,2025-12-02,5824501,4,7,0.6376456457795594,4.463519520456916
381284,2025-12-02,5889005,10,21,0.3903568425075696,8.197493692658961
481098,2025-12-02,5922234,1,8,0.376047839052434,3.008382712419472
382748,2025-12-02,5794365,15,23,0.5174344453995048,11.90099224418861
329029,2025-12-02,5824459,4,8,0.5342826154049137,4.27426092323931
329029,2025-12-02,5824249,8,17,0.5087898618559189,8.64942765155062
473250,2025-12-02,5830058,1,8,0.47784134385097093,3.8227307508077675
396042,2025-12-02,5997870,1,40,0.5021193144484513,20.08477257793805
386156,2025-12-03,6115667,6,35,0.185111896453835,6.478916375884225
363866,2025-12-03,5722832,24,33,0.5677577315971718,18.73600514270667
436231,2025-12-03,5896196,8,30,0.28215153361262535,8.464546008378761
363853,2025-12-03,5722832,23,33,0.5688413856834074,18.77176572755244
386104,2025-12-03,5753212,13,52,0.2127055177783724,11.060686924475364
394554,2025-12-03,5830069,2,11,0.4537507647739008,4.9912584125129085
473790,2025-12-03,5807210,2,27,0.17723509516140623,4.785347569357969
384671,2025-12-03,5788369,6,39,0.2054632568176366,8.013067015887827
473336,2025-12-03,5997871,31,47,0.5790999819866749,27.21769915337372
366808,2025-12-03,5889088,6,12,0.5205853021331377,6.247023625597652
473790,2025-12-03,5830070,2,5,0.40897142327299235,2.0448571163649616
386169,2025-12-03,6115667,6,35,0.16713778075350538,5.8498223263726885
384358,2025-12-03,5788164,12,34,0.2861526657962544,9.72919063707265
394554,2025-12-03,5807209,4,40,0.2734811256369452,10.939245025477808
386601,2025-12-03,5915911,1,9,0.2399458173560949,2.1595123562048544
473742,2025-12-03,5869991,2,44,0.5013938332924501,22.061328664867805
386614,2025-12-03,5830094,6,10,0.3557555418981229,3.557555418981229
415833,2025-12-03,5826658,13,25,0.5077741666373834,12.694354165934584
426845,2025-12-03,5996131,29,64,0.3281713471358274,21.002966216692954
466690,2025-12-03,5760388,13,42,0.3112195124324238,13.0712195221618
478224,2025-12-03,5891358,19,25,0.6330662073940831,15.82665518485208
370972,2025-12-03,5878890,16,25,0.6967080905675108,17.41770226418777
392397,2025-12-03,5908442,1,1,0.4814162806964052,0.4814162806964052
415833,2025-12-03,5909271,7,24,0.48731150353555447,11.695476084853308
392397,2025-12-03,5869577,16,64,0.24534222736647976,15.701902551454705
473751,2025-12-03,5891219,28,43,0.5720213382760453,24.596917545869946
436015,2025-12-03,6027667,1,13,0.4129653528764068,5.3685495873932885
377114,2025-12-03,5876601,6,22,0.3467130893297851,7.627687965255273
377114,2025-12-03,6121664,10,23,0.37420465915977913,8.60670716067492
478232,2025-12-03,5891358,20,25,0.6067898681942689,15.169746704856724
386601,2025-12-03,5830094,4,10,0.36006634669135434,3.6006634669135433
377114,2025-12-03,6121718,9,24,0.3581657498205832,8.595977995693996
377114,2025-12-03,5876546,2,24,0.329422307169269,7.906135372062456
370960,2025-12-03,5833449,21,25,0.735609782595288,18.3902445648822
479444,2025-12-03,5949025,2,3,0.46926191250882787,1.4077857375264835
407222,2025-12-03,5891228,32,44,0.6845010349712266,30.11804553873397
368944,2025-12-03,6117304,8,10,0.7875479167796955,7.875479167796955
391114,2025-12-03,5754059,21,61,0.35912903064537155,21.906870869367665
391114,2025-12-03,5754563,29,55,0.41613912419822524,22.88765183090239
372577,2025-12-03,5833431,1,25,0.4244250068091145,10.610625170227863
403040,2025-12-03,5759581,2,15,0.4794998620341669,7.192497930512503
403027,2025-12-03,5787292,1,15,0.4649659611626859,6.974489417440289
403027,2025-12-03,5793572,4,18,0.4297178834765045,7.7349219025770815
364681,2025-12-03,5777000,5,32,0.29562219857226374,9.45991035431244
391127,2025-12-03,5797598,16,43,0.3603319514782944,15.494273913566659
364681,2025-12-03,5777335,12,29,0.3135202433425222,9.092087056933144
372577,2025-12-03,5833508,1,26,0.41890204241050794,10.891453102673207
425001,2025-12-03,6018417,9,18,0.46329243433949974,8.339263818110995
364681,2025-12-03,5893259,8,19,0.3490080924793362,6.631153757107388
368892,2025-12-03,5906116,8,9,0.7541519555190065,6.787367599671058
364681,2025-12-03,5899994,5,19,0.3156692230498947,5.997715237947999
472197,2025-12-03,5753142,11,38,0.3084404412397114,11.720736767109035
368892,2025-12-03,5991033,7,10,0.7645997100368104,7.6459971003681035
364681,2025-12-03,6140313,1,2,0.4504024385950684,0.9008048771901368
368944,2025-12-03,6117394,7,10,0.6891090067286454,6.891090067286454
415833,2025-12-03,5941937,14,23,0.5003569116679438,11.508208968362709
377348,2025-12-03,5889307,4,8,0.5145012573288469,4.116010058630775
391127,2025-12-03,5738856,26,52,0.3604759286669537,18.744748290681592
438530,2025-12-03,5793319,7,17,0.6846249917152774,11.638624859159716
438530,2025-12-03,5817622,2,3,0.626774473458661,1.880323420375983
438530,2025-12-03,5955255,2,3,0.8097311623485042,2.4291934870455125
366903,2025-12-03,5893260,1,16,0.38287230745908063,6.12595691934529
438530,2025-12-03,5984438,4,4,0.6497253868038416,2.5989015472153665
396636,2025-12-03,5824789,1,1,0.7838402134635095,0.7838402134635095
396636,2025-12-03,5794366,3,23,0.4923246943911158,11.323467970995663
471447,2025-12-03,5879551,15,32,0.568421525828162,18.189488826501183
407230,2025-12-03,5891228,29,44,0.6527706627097434,28.72190915922871
381734,2025-12-03,5829010,17,33,0.5049279803583948,16.66262335182703
438530,2025-12-03,5792815,11,17,0.7520100162203949,12.784170275746712
407886,2025-12-03,6026825,1,22,0.35409015578227193,7.789983427209982
401027,2025-12-03,5894755,11,22,0.5613012127105546,12.3486266796322
401027,2025-12-03,5794531,8,17,0.5189318767855818,8.82184190535489
415833,2025-12-03,5909480,20,26,0.465523383018953,12.103607958492779
438530,2025-12-03,5795913,1,1,0.9183938726102999,0.9183938726102999
404682,2025-12-04,6062527,8,22,0.5299514841697803,11.658932651735167
428512,2025-12-04,5824963,16,32,0.44587915073835965,14.268132823627509
395597,2025-12-04,5807210,4,27,0.24498736955687164,6.614658978035535
395597,2025-12-04,5830070,1,5,0.3230403085866602,1.615201542933301
391680,2025-12-04,5747715,25,62,0.4043959792173844,25.072550711477835
396078,2025-12-04,5879349,13,27,0.49447695942097114,13.350877904366222
386195,2025-12-04,5753211,5,60,0.1064055222494519,6.384331334967114
382518,2025-12-04,5997867,22,36,0.6504463681639374,23.416069253901746
384056,2025-12-04,5937510,10,49,0.2265719241608224,11.102024283880297
395597,2025-12-04,5976640,1,3,0.33054025368208134,0.991620761046244
472182,2025-12-04,5788165,2,25,0.1812052400973255,4.530131002433137
384842,2025-12-04,5976642,4,9,0.396969621315017,3.572726591835153
394611,2025-12-04,5976642,4,9,0.3867372797197893,3.4806355174781034
471343,2025-12-04,5938927,6,35,0.3337370496174471,11.680796736610649
428507,2025-12-04,5939146,1,9,0.22201517248943484,1.9981365524049135
397829,2025-12-04,6160629,2,35,0.13390470365329527,4.686664627865334
397829,2025-12-04,6160650,1,24,0.13960975631689498,3.3506341516054796
386208,2025-12-04,5976665,6,14,0.40558753901941,5.67822554627174
428512,2025-12-04,5821195,11,32,0.4293799383993522,13.74015802877927
386208,2025-12-04,5753211,4,60,0.12609437738003082,7.565662642801849
468309,2025-12-04,5722841,26,33,0.5055825317537268,16.684223547872985
386195,2025-12-04,5976665,6,14,0.35903882107645296,5.026543495070341
397829,2025-12-04,6117230,1,32,0.13143428074677527,4.2058969838968085
384842,2025-12-04,5830072,5,9,0.4125021588769585,3.7125194298926267
477422,2025-12-04,6113564,4,5,0.670569724749309,3.352848623746545
394611,2025-12-04,5796256,2,13,0.32951555637361624,4.283702232857011
372046,2025-12-04,5996148,9,16,0.5278880542232901,8.446208867572642
428507,2025-12-04,5788166,13,30,0.26074817164265723,7.822445149279717
477422,2025-12-04,6113595,5,5,0.7066212584646353,3.5331062923231764
477422,2025-12-04,6113626,4,4,0.614471772717174,2.457887090868696
391157,2025-12-04,5754055,23,56,0.26135915025621537,14.63611241434806
477422,2025-12-04,6113657,3,3,0.6474945085521828,1.9424835256565485
469405,2025-12-04,5763965,13,17,0.6414922472328396,10.905368202958273
372046,2025-12-04,5927816,6,10,0.49116348407182964,4.911634840718296
372046,2025-12-04,5927774,13,26,0.5319328414663399,13.830253878124838
382047,2025-12-04,5760388,14,42,0.3065410298941594,12.874723255554693
394611,2025-12-04,5937308,9,28,0.3827735566700756,10.717659586762117
471434,2025-12-04,5879551,14,32,0.5681845109871038,18.18190435158732
395354,2025-12-04,5889005,8,21,0.3691061037247462,7.75122817821967
384056,2025-12-04,5872097,3,33,0.18748316418788474,6.186944418200197
395794,2025-12-04,5788368,6,26,0.27327621990456513,7.105181717518693
382904,2025-12-04,5879557,15,28,0.48242458601731913,13.507888408484936
386130,2025-12-04,6115668,8,37,0.23537579711517823,8.708904493261594
386378,2025-12-04,6082490,3,4,0.6275207887471423,2.5100831549885694
386378,2025-12-04,5995907,11,37,0.3272951616178519,12.109920979860519
386339,2025-12-04,5889324,5,31,0.27767183578201154,8.607826909242357
386365,2025-12-04,6082490,3,4,0.6673940747998554,2.6695762991994214
401036,2025-12-04,5794531,7,17,0.565262668034479,9.609465356586142
401036,2025-12-04,5894755,10,22,0.6120320343094385,13.464704754807649
464390,2025-12-04,5870051,21,43,0.4506427558009573,19.377638499441165
391072,2025-12-04,5855550,10,25,0.29976401850501583,7.494100462625395
407768,2025-12-04,6057606,27,29,0.8231273570061531,23.870693353178442
395461,2025-12-04,5976638,1,6,0.2546407700586465,1.527844620351879
471678,2025-12-04,5788367,14,56,0.276533110104689,15.485854165862584
387778,2025-12-04,5937304,9,26,0.35603003148300266,9.256780818558068
387778,2025-12-04,5796252,1,13,0.29866516941820176,3.882647202436623
386365,2025-12-04,5995907,8,37,0.309633157285626,11.456426819568163
394427,2025-12-04,6062417,64,130,0.36512109219254374,47.46574198503069
468308,2025-12-04,5722831,2,33,0.4393211387214453,14.497597577807694
399462,2025-12-04,5794141,11,19,0.5382625662747532,10.226988759220312
399450,2025-12-04,5794141,11,19,0.5760562023270501,10.945067844213952
386326,2025-12-04,5889324,5,31,0.26698791595789717,8.276625394694813
473263,2025-12-04,5879755,12,33,0.5011860133949901,16.539138442034673
473263,2025-12-04,5976623,6,11,0.5162797442212526,5.679077186433778
472156,2025-12-04,5879551,14,32,0.5697186673485518,18.230997355153658
395461,2025-12-04,5788163,16,55,0.2437843033813156,13.408136685972359
395551,2025-12-04,5830076,2,2,0.42709832436010886,0.8541966487202177
384842,2025-12-04,5788371,9,27,0.30851726315296946,8.329966105130175
411778,2025-12-04,6057053,3,6,0.45323982346833247,2.7194389408099946
379042,2025-12-04,5794218,16,33,0.40704262410743686,13.432406595545416
482001,2025-12-04,5807216,6,27,0.27579638304911425,7.4465023423260845
395551,2025-12-04,5807216,5,27,0.28225817742121534,7.620970790372814
378766,2025-12-04,5794214,17,35,0.4510111234231916,15.785389319811706
382505,2025-12-04,5997865,28,41,0.5881315201563121,24.113392326408796
422340,2025-12-04,5876654,22,57,0.3317979061915689,18.912480652919427
411809,2025-12-04,6057081,2,5,0.47524251258934036,2.376212562946702
482001,2025-12-04,5830076,1,2,0.43186375629634094,0.8637275125926819
395267,2025-12-04,5872103,3,14,0.2910862425366769,4.075207395513477
401254,2025-12-04,5793315,10,16,0.5496059383271704,8.793695013234727
370966,2025-12-04,5948787,18,24,0.7692450872798692,18.46188209471686
471665,2025-12-04,5829215,17,33,0.4899425449323322,16.16810398276696
401254,2025-12-04,5795031,7,12,0.48857547913912913,5.862905749669549
372046,2025-12-04,5885799,17,26,0.5045517880066942,13.11834648817405
381273,2025-12-04,5889004,6,16,0.48706948639199793,7.793111782271967
372046,2025-12-04,5927732,15,27,0.5011284955439423,13.530469379686444
370941,2025-12-04,5948710,17,23,0.7054506084939692,16.225363995361292
472335,2025-12-05,5749118,1,61,0.3565640663301045,21.750408046136375
384187,2025-12-05,5937512,5,23,0.27676077410978406,6.365497804525034
470746,2025-12-05,5818548,10,10,0.7167101827149921,7.167101827149921
470747,2025-12-05,5758000,8,10,0.7502993379297994,7.502993379297994
373960,2025-12-05,5819379,3,12,0.4587394627199192,5.50487355263903
384187,2025-12-05,5976642,4,9,0.32912082825443606,2.9620874542899247
386469,2025-12-05,5995909,4,18,0.19461603511766465,3.5030886321179637
373949,2025-12-05,5867368,2,8,0.438238065829567,3.505904526636536
373960,2025-12-05,5779175,4,12,0.38856808640496376,4.662817036859565
384187,2025-12-05,5872099,3,13,0.2349845739048312,3.0547994607628057
470747,2025-12-05,5853535,10,10,0.7416199395868646,7.416199395868645
383778,2025-12-05,5807212,8,26,0.29207652494190717,7.593989648489586
384528,2025-12-05,5788173,6,32,0.4127361815643752,13.207557810060006
472335,2025-12-05,5747714,5,69,0.3635581698756273,25.085513721418284
395564,2025-12-05,5830076,2,2,0.4636219133135466,0.9272438266270931
461389,2025-12-05,5797605,17,51,0.4701084012569219,23.975528464103014
461389,2025-12-05,5754570,17,60,0.5029988969892087,30.179933819352524
461389,2025-12-05,5754066,20,59,0.5044453575735243,29.762276096837933
379550,2025-12-05,5777337,14,30,0.4158517606342615,12.475552819027845
379550,2025-12-05,5893261,9,19,0.4286980530777445,8.145263008477146
470746,2025-12-05,5750522,9,9,0.7034318518511662,6.330886666660495
379550,2025-12-05,5899996,8,17,0.37183240472017764,6.32115088024302
379550,2025-12-05,5777002,9,30,0.395482648450683,11.86447945352049
461389,2025-12-05,5738863,16,53,0.4736161481643682,25.101655852711513
373960,2025-12-05,5909746,4,12,0.4261158687673257,5.113390425207909
373949,2025-12-05,5771222,1,7,0.43994687407725036,3.0796281185407524
373949,2025-12-05,5771752,2,9,0.3893550942493979,3.504195848244581
472335,2025-12-05,5747210,17,47,0.35331524447913104,16.60581649051916
384541,2025-12-05,5788173,6,32,0.35741657034328084,11.437330250984987
379550,2025-12-05,6140690,1,5,0.4192611166109905,2.096305583054953
383380,2025-12-05,5787961,5,9,0.4364645725768772,3.928181153191895
392822,2025-12-05,6069360,19,47,0.45320583029136324,21.30067402369407
471401,2025-12-05,5829010,17,33,0.4738690212735259,15.637677702026355
473287,2025-12-05,5976623,4,11,0.4304275690285637,4.734703259314201
473287,2025-12-05,5879755,15,33,0.4727729085518767,15.60150598221193
382353,2025-12-05,5997665,10,27,0.4224751123305834,11.406828032925752
369755,2025-12-05,5804242,14,16,0.6076378781384327,9.722206050214924
479883,2025-12-05,5849734,5,6,0.4254858019731239,2.5529148118387432
479883,2025-12-05,5753142,27,38,0.2832221174132799,10.762440461704637
364834,2025-12-05,6140693,1,4,0.4524766537559709,1.8099066150238836
387947,2025-12-05,5937464,9,33,0.2464463342282707,8.132729029532934
436333,2025-12-05,5754559,12,55,0.3115169227263776,17.13343074995077
378474,2025-12-05,5928164,9,22,0.32006959514805816,7.041531093257279
378474,2025-12-05,5928219,10,18,0.30019894371905936,5.403580986943068
387921,2025-12-05,5937464,12,33,0.2760441901776365,9.109458275862004
407978,2025-12-05,5978351,20,23,0.8961683476486096,20.611871995918023
407986,2025-12-05,5978351,19,23,0.8679972093980403,19.963935816154926
382635,2025-12-05,5879347,18,37,0.5232448233415241,19.360058463636392
407994,2025-12-05,5978351,15,23,0.8501965917302358,19.554521609795422
382850,2025-12-05,5879551,16,32,0.4958042515776561,15.865736050484996
382214,2025-12-05,5997462,11,32,0.3019777194106038,9.663287021139322
440367,2025-12-05,6026649,5,10,0.33154653823888924,3.3154653823888927
440367,2025-12-05,6026651,3,10,0.37834161074546374,3.7834161074546375
364834,2025-12-05,5777035,9,20,0.4813776093359965,9.62755218671993
364834,2025-12-05,5777370,22,30,0.5903826795933768,17.711480387801302
364834,2025-12-05,5893294,8,17,0.5545063463803517,9.426607888465979
364834,2025-12-05,5900029,13,17,0.6057317631018616,10.297439972731647
479883,2025-12-05,5995906,13,16,0.4766085041115041,7.625736065784066
463547,2025-12-05,5870000,24,43,0.4643840556081055,19.968514391148535
440367,2025-12-05,6026640,4,17,0.3967770071990929,6.74520912238458
479883,2025-12-05,5957378,5,9,0.40462591770910455,3.641633259381941
479883,2025-12-05,5889323,14,24,0.35233123352351003,8.45594960456424
393188,2025-12-05,6030690,10,15,0.46153001750777456,6.922950262616618
479883,2025-12-05,5872461,25,36,0.4141502865798888,14.909410316875997
440367,2025-12-05,6026639,4,12,0.362511375937339,4.350136511248068
440367,2025-12-05,6026638,3,13,0.38178718107590387,4.96323335398675
472771,2025-12-05,5879551,16,32,0.4958693114175559,15.86781796536179
440367,2025-12-05,6026648,3,11,0.37876118682010973,4.166373055021207
408002,2025-12-05,5978351,15,23,0.8203111986480927,18.86715756890613
358275,2025-12-05,5777243,8,14,0.5904421464871432,8.266190050820004
381663,2025-12-05,5938927,2,35,0.24979713532390838,8.742899736336794
383354,2025-12-05,5807007,17,54,0.2009882063673273,10.853363143835674
383354,2025-12-05,5787962,5,16,0.19474374445182113,3.115899911229138
392747,2025-12-05,5869854,16,35,0.4156580046778287,14.548030163724004
395108,2025-12-05,6082491,1,2,0.5495867403121525,1.099173480624305
395108,2025-12-05,5995908,2,22,0.2038189132299994,4.484016091059987
381844,2025-12-05,5976624,3,6,0.4693779564175708,2.8162677385054247
383380,2025-12-05,5830070,3,5,0.35938631756443734,1.7969315878221868
383380,2025-12-05,5807006,13,28,0.41167418155378227,11.526877083505903
414409,2025-12-05,6090036,9,15,0.40821726863994456,6.1232590295991685
397373,2025-12-05,5732323,9,20,0.3533927781640271,7.067855563280542
369755,2025-12-05,5859012,9,14,0.5143420541747199,7.200788758446079
358276,2025-12-05,5777285,3,9,0.5594858904284103,5.035373013855693
378474,2025-12-05,5928274,17,24,0.3562346833001289,8.549632399203094
383062,2025-12-05,5879756,14,32,0.5024702060459054,16.079046593468973
381844,2025-12-05,5829011,11,31,0.4608577102727162,14.286589018454203
408050,2025-12-05,6057605,12,14,0.8180783164535187,11.453096430349262
378474,2025-12-05,5928329,18,24,0.3694843370030898,8.867624088074155
387921,2025-12-05,5796412,1,9,0.26410525462582024,2.376947291632382
381794,2025-12-05,5830056,4,8,0.4104353860698672,3.2834830885589374
376116,2025-12-05,5771958,7,16,0.493496775300411,7.895948404806576
376116,2025-12-05,5771749,8,10,0.4634104303188049,4.63410430318805
376116,2025-12-05,5771428,2,10,0.47337907536109,4.7337907536109
376116,2025-12-05,5771219,3,10,0.5066683757118853,5.066683757118852
376179,2025-12-05,5879213,7,9,0.46051537138195386,4.1446383424375846
436344,2025-12-05,6069979,1,59,0.14979081367977734,8.837658007106864
440367,2025-12-05,6026641,8,18,0.3641296341674808,6.554333415014654
376179,2025-12-05,5879004,4,9,0.46200718096788373,4.158064628710954
376179,2025-12-05,5872638,2,8,0.4958295949157671,3.966636759326137
376179,2025-12-05,5785205,10,13,0.4442536771871869,5.775297803433429
381794,2025-12-05,5829013,6,33,0.25254126815823325,8.333861849221696
408042,2025-12-05,6057605,13,14,0.8672468429491937,12.141455801288712
