year,faculties,title,code,credits,evaluation_methods,second_chance,is_group_project,classification_reason
2025-26,"['Bachelor in de toegepaste informatica, trajectschijf 1']",Software Development Project I,193578,4 studiepunten,"[[{'moment': 'Buiten examenrooster', 'format': 'Andere', 'percentage': '30,00'}, {'moment': 'Buiten examenrooster', 'format': 'Ontwerp', 'percentage': '70,00'}], [{'moment': 'Binnen examenrooster', 'format': 'Andere', 'percentage': '30,00'}, {'moment': 'Binnen examenrooster', 'format': 'Ontwerp', 'percentage': '70,00'}]]",wel mogelijk.,True,Project in titel
2025-26,"['Bachelor in de toegepaste informatica, trajectschijf 1']",System Engineering Lab,193579,4 studiepunten,"[[{'moment': 'Buiten examenrooster', 'format': 'Geïntegreerde evaluatie', 'percentage': '70,00'}, {'moment': 'Buiten examenrooster', 'format': 'Observatie van functioneren van de student', 'percentage': '30,00'}], [{'moment': 'Binnen examenrooster', 'format': 'Geïntegreerde evaluatie', 'percentage': '70,00'}, {'moment': 'Binnen examenrooster', 'format': 'Observatie van functioneren van de student', 'percentage': '30,00'}]]",wel mogelijk.,True,Observatie van functioneren van de student
2025-26,"['Bachelor in de toegepaste informatica, trajectschijf 2']",Software Development Project II,193598,8 studiepunten,"[[{'moment': 'Buiten examenrooster', 'format': 'Observatie van functioneren van de student', 'percentage': '30,00'}, {'moment': 'Binnen en buiten examenrooster', 'format': 'Ontwerp', 'percentage': '70,00'}], [{'moment': 'Binnen examenrooster', 'format': 'Observatie van functioneren van de student', 'percentage': '30,00'}, {'moment': 'Binnen examenrooster', 'format': 'Ontwerp', 'percentage': '70,00'}]]",wel mogelijk.,True,Project in titel
2025-26,"['Bachelor in de toegepaste informatica, trajectschijf 2']",System Engineering Project,193601,8 studiepunten,"[[{'moment': 'Buiten examenrooster', 'format': 'Observatie van functioneren van de student', 'percentage': '30,00'}, {'moment': 'Buiten examenrooster', 'format': 'Ontwerp', 'percentage': '70,00'}], [{'moment': 'Binnen examenrooster', 'format': 'Observatie van functioneren van de student', 'percentage': '30,00'}, {'moment': 'Binnen examenrooster', 'format': 'Ontwerp', 'percentage': '70,00'}]]",wel mogelijk.,True,Project in titel
2025-26,"['Bachelor in de toegepaste informatica, trajectschijf 2']",Data Engineering Project I,193603,8 studiepunten,"[[{'moment': 'Buiten examenrooster', 'format': 'Andere', 'percentage': '30,00'}, {'moment': 'Buiten examenrooster', 'format': 'Ontwerp', 'percentage': '70,00'}], [{'moment': 'Binnen examenrooster', 'format': 'Andere', 'percentage': '30,00'}, {'moment': 'Binnen examenrooster', 'format': 'Ontwerp', 'percentage': '70,00'}]]",wel mogelijk.,True,Project in titel
2025-26,"['Bachelor in de toegepaste informatica, trajectschijf 2']",Business Software Project,193606,8 studiepunten,"[[{'moment': 'Buiten examenrooster', 'format': 'Observatie van functioneren van de student', 'percentage': '30,00'}, {'moment': 'Binnen en buiten examenrooster', 'format': 'Ontwerp', 'percentage': '70,00'}], [{'moment': 'Binnen examenrooster', 'format': 'Observatie van functioneren van de student', 'percentage': '30,00'}, {'moment': 'Binnen examenrooster', 'format': 'Ontwerp', 'percentage': '70,00'}]]",wel mogelijk.,True,Project in titel
2025-26,"['Bachelor in de toegepaste informatica, trajectschijf 3']",DevOps Project: Operations,193611,8 studiepunten,"[[{'moment': 'Buiten examenrooster', 'format': 'Observatie van functioneren van de student', 'percentage': '30,00'}, {'moment': 'Buiten examenrooster', 'format': 'Ontwerp', 'percentage': '70,00'}], [{'moment': 'Binnen examenrooster', 'format': 'Observatie van functioneren van de student', 'percentage': '30,00'}, {'moment': 'Binnen examenrooster', 'format': 'Ontwerp', 'percentage': '70,00'}]]",wel mogelijk.,True,Project in titel
2025-26,"['Bachelor in de toegepaste informatica, trajectschijf 3']",Data Engineering Project II,193612,8 studiepunten,"[[{'moment': 'Buiten examenrooster', 'format': 'Andere', 'percentage': '30,00'}, {'moment': 'Buiten examenrooster', 'format': 'Ontwerp', 'percentage': '70,00'}], [{'moment': 'Binnen examenrooster', 'format': 'Andere', 'percentage': '30,00'}, {'moment': 'Binnen examenrooster', 'format': 'Ontwerp', 'percentage': '70,00'}]]",wel mogelijk.,True,Project in titel
2025-26,"['Bachelor in de toegepaste informatica, trajectschijf 3']",Project e-Business,193615,8 studiepunten,"[[{'moment': 'Buiten examenrooster', 'format': 'Observatie van functioneren van de student', 'percentage': '30,00'}, {'moment': 'Buiten examenrooster', 'format': 'Ontwerp', 'percentage': '70,00'}], [{'moment': 'Binnen examenrooster', 'format': 'Observatie van functioneren van de student', 'percentage': '30,00'}, {'moment': 'Binnen examenrooster', 'format': 'Ontwerp', 'percentage': '70,00'}]]",wel mogelijk.,True,Project in titel
2025-26,"['Bachelor in de toegepaste informatica, trajectschijf 3']",IP Project,193623,3 studiepunten,"[[{'moment': 'Buiten examenrooster', 'format': 'Geïntegreerde evaluatie', 'percentage': '100,00'}], [{'moment': 'Binnen en buiten examenrooster', 'format': 'Geïntegreerde evaluatie', 'percentage': '100,00'}]]",wel mogelijk.,True,Project in titel
2025-26,"['Bachelor in de toegepaste informatica, trajectschijf 1']",System Engineering Lab,193643,4 studiepunten,"[[{'moment': 'Buiten examenrooster', 'format': 'Geïntegreerde evaluatie', 'percentage': '70,00'}, {'moment': 'Buiten examenrooster', 'format': 'Observatie van functioneren van de student', 'percentage': '30,00'}], [{'moment': 'Binnen examenrooster', 'format': 'Geïntegreerde evaluatie', 'percentage': '70,00'}, {'moment': 'Binnen examenrooster', 'format': 'Observatie van functioneren van de student', 'percentage': '30,00'}]]",wel mogelijk.,True,Observatie van functioneren van de student
2025-26,"['Bachelor in de toegepaste informatica, trajectschijf 2']",Software Development Project II,193661,8 studiepunten,"[[{'moment': 'Buiten examenrooster', 'format': 'Observatie van functioneren van de student', 'percentage': '30,00'}, {'moment': 'Binnen en buiten examenrooster', 'format': 'Geïntegreerde evaluatie', 'percentage': '70,00'}], [{'moment': 'Binnen examenrooster', 'format': 'Observatie van functioneren van de student', 'percentage': '30,00'}, {'moment': 'Binnen examenrooster', 'format': 'Ontwerp', 'percentage': '70,00'}]]",wel mogelijk.,True,Project in titel
2025-26,"['Bachelor in de toegepaste informatica, trajectschijf 2']",System Engineering Project,193662,8 studiepunten,"[[{'moment': 'Buiten examenrooster', 'format': 'Observatie van functioneren van de student', 'percentage': '30,00'}, {'moment': 'Buiten examenrooster', 'format': 'Ontwerp', 'percentage': '70,00'}], [{'moment': 'Binnen examenrooster', 'format': 'Observatie van functioneren van de student', 'percentage': '30,00'}, {'moment': 'Binnen examenrooster', 'format': 'Ontwerp', 'percentage': '70,00'}]]",wel mogelijk.,True,Project in titel
2025-26,"['Bachelor in de toegepaste informatica, trajectschijf 2']",Data Engineering Project I,193664,8 studiepunten,"[[{'moment': 'Buiten examenrooster', 'format': 'Andere', 'percentage': '30,00'}, {'moment': 'Buiten examenrooster', 'format': 'Ontwerp', 'percentage': '70,00'}], [{'moment': 'Binnen examenrooster', 'format': 'Andere', 'percentage': '30,00'}, {'moment': 'Binnen examenrooster', 'format': 'Ontwerp', 'percentage': '70,00'}]]",wel mogelijk.,True,Project in titel
2025-26,"['Bachelor in de toegepaste informatica, trajectschijf 2']",Business Software Project,193667,8 studiepunten,"[[{'moment': 'Buiten examenrooster', 'format': 'Observatie van functioneren van de student', 'percentage': '30,00'}, {'moment': 'Binnen en buiten examenrooster', 'format': 'Ontwerp', 'percentage': '70,00'}], [{'moment': 'Binnen examenrooster', 'format': 'Observatie van functioneren van de student', 'percentage': '30,00'}, {'moment': 'Binnen examenrooster', 'format': 'Ontwerp', 'percentage': '70,00'}]]",wel mogelijk.,True,Project in titel
2025-26,"['Bachelor in de toegepaste informatica, trajectschijf 3']",DevOps Project: Operations,193673,8 studiepunten,"[[{'moment': 'Buiten examenrooster', 'format': 'Observatie van functioneren van de student', 'percentage': '30,00'}, {'moment': 'Buiten examenrooster', 'format': 'Ontwerp', 'percentage': '70,00'}], [{'moment': 'Binnen examenrooster', 'format': 'Observatie van functioneren van de student', 'percentage': '30,00'}, {'moment': 'Binnen examenrooster', 'format': 'Ontwerp', 'percentage': '70,00'}]]",wel mogelijk.,True,Project in titel
2025-26,"['Bachelor in de toegepaste informatica, trajectschijf 3']",Project e-Business,193676,8 studiepunten,"[[{'moment': 'Buiten examenrooster', 'format': 'Observatie van functioneren van de student', 'percentage': '30,00'}, {'moment': 'Buiten examenrooster', 'format': 'Ontwerp', 'percentage': '70,00'}], [{'moment': 'Binnen examenrooster', 'format': 'Observatie van functioneren van de student', 'percentage': '30,00'}, {'moment': 'Binnen examenrooster', 'format': 'Ontwerp', 'percentage': '70,00'}]]",wel mogelijk.,True,Project in titel
2025-26,"['Bachelor in de toegepaste informatica, trajectschijf 1']",Software Development Project I,193687,4 studiepunten,"[[{'moment': 'Buiten examenrooster', 'format': 'Andere', 'percentage': '30,00'}, {'moment': 'Buiten examenrooster', 'format': 'Ontwerp', 'percentage': '70,00'}], [{'moment': 'Binnen examenrooster', 'format': 'Andere', 'percentage': '30,00'}, {'moment': 'Binnen examenrooster', 'format': 'Ontwerp', 'percentage': '70,00'}]]",wel mogelijk.,True,Project in titel
2025-26,"['Bachelor in de toegepaste informatica, trajectschijf 1']",Software Development Project I,193701,4 studiepunten,"[[{'moment': 'Buiten examenrooster', 'format': 'Andere', 'percentage': '30,00'}, {'moment': 'Buiten examenrooster', 'format': 'Ontwerp', 'percentage': '70,00'}], [{'moment': 'Binnen examenrooster', 'format': 'Andere', 'percentage': '30,00'}, {'moment': 'Binnen examenrooster', 'format': 'Ontwerp', 'percentage': '70,00'}]]",wel mogelijk.,True,Project in titel
2025-26,"['Bachelor in de toegepaste informatica, trajectschijf 1']",System Engineering Lab,193702,4 studiepunten,"[[{'moment': 'Buiten examenrooster', 'format': 'Geïntegreerde evaluatie', 'percentage': '70,00'}, {'moment': 'Buiten examenrooster', 'format': 'Observatie van functioneren van de student', 'percentage': '30,00'}], [{'moment': 'Binnen examenrooster', 'format': 'Geïntegreerde evaluatie', 'percentage': '70,00'}, {'moment': 'Binnen examenrooster', 'format': 'Observatie van functioneren van de student', 'percentage': '30,00'}]]",wel mogelijk.,True,Observatie van functioneren van de student
2025-26,"['Bachelor in de toegepaste informatica, trajectschijf 2']",Software Development Project II,193718,8 studiepunten,"[[{'moment': 'Buiten examenrooster', 'format': 'Observatie van functioneren van de student', 'percentage': '30,00'}, {'moment': 'Binnen en buiten examenrooster', 'format': 'Ontwerp', 'percentage': '70,00'}], [{'moment': 'Binnen examenrooster', 'format': 'Observatie van functioneren van de student', 'percentage': '30,00'}, {'moment': 'Binnen examenrooster', 'format': 'Ontwerp', 'percentage': '70,00'}]]",wel mogelijk.,True,Project in titel
2025-26,"['Bachelor in de toegepaste informatica, trajectschijf 2']",Data Engineering Project I,193720,8 studiepunten,"[[{'moment': 'Buiten examenrooster', 'format': 'Andere', 'percentage': '30,00'}, {'moment': 'Buiten examenrooster', 'format': 'Ontwerp', 'percentage': '70,00'}], [{'moment': 'Binnen examenrooster', 'format': 'Andere', 'percentage': '30,00'}, {'moment': 'Binnen examenrooster', 'format': 'Ontwerp', 'percentage': '70,00'}]]",wel mogelijk.,True,Project in titel
2025-26,"['Bachelor in de toegepaste informatica, trajectschijf 2']",Business Software Project,193723,8 studiepunten,"[[{'moment': 'Buiten examenrooster', 'format': 'Observatie van functioneren van de student', 'percentage': '30,00'}, {'moment': 'Binnen en buiten examenrooster', 'format': 'Ontwerp', 'percentage': '70,00'}], [{'moment': 'Binnen examenrooster', 'format': 'Observatie van functioneren van de student', 'percentage': '30,00'}, {'moment': 'Binnen examenrooster', 'format': 'Ontwerp', 'percentage': '70,00'}]]",wel mogelijk.,True,Project in titel
2025-26,"['Bachelor in de toegepaste informatica, trajectschijf 3']",Data Engineering Project II,193725,8 studiepunten,"[[{'moment': 'Buiten examenrooster', 'format': 'Andere', 'percentage': '30,00'}, {'moment': 'Buiten examenrooster', 'format': 'Ontwerp', 'percentage': '70,00'}], [{'moment': 'Binnen examenrooster', 'format': 'Andere', 'percentage': '30,00'}, {'moment': 'Binnen examenrooster', 'format': 'Ontwerp', 'percentage': '70,00'}]]",wel mogelijk.,True,Project in titel
2025-26,"['Bachelor in de toegepaste informatica, trajectschijf 3']",Project e-Business,193728,8 studiepunten,"[[{'moment': 'Buiten examenrooster', 'format': 'Observatie van functioneren van de student', 'percentage': '30,00'}, {'moment': 'Buiten examenrooster', 'format': 'Ontwerp', 'percentage': '70,00'}], [{'moment': 'Binnen examenrooster', 'format': 'Observatie van functioneren van de student', 'percentage': '30,00'}, {'moment': 'Binnen examenrooster', 'format': 'Ontwerp', 'percentage': '70,00'}]]",wel mogelijk.,True,Project in titel
2025-26,"['Bachelor in de toegepaste informatica, trajectschijf 3']",Real-life Integrated Software Engineering,193772,18 studiepunten,"[[{'moment': 'Binnen en buiten examenrooster', 'format': 'Ontwerp', 'percentage': '70,00'}], [{'moment': 'Binnen examenrooster', 'format': 'Ontwerp', 'percentage': '70,00'}], [{'moment': 'Binnen examenrooster', 'format': 'Observatie van functioneren van de student', 'percentage': '30,00'}]]",wel mogelijk.,True,Observatie van functioneren van de student
2025-26,"['Bachelor in de toegepaste informatica, trajectschijf 3']",Real-life Integrated Software Engineering (English taught),193774,18 studiepunten,"[[{'moment': 'Binnen en buiten examenrooster', 'format': 'Ontwerp', 'percentage': '70,00'}], [{'moment': 'Binnen examenrooster', 'format': 'Ontwerp', 'percentage': '70,00'}], [{'moment': 'Binnen examenrooster', 'format': 'Observatie van functioneren van de student', 'percentage': '30,00'}]]",wel mogelijk.,True,Observatie van functioneren van de student
2025-26,"['Bachelor in de toegepaste informatica, trajectschijf 3']",Real-life Integrated Software Engineering,193779,18 studiepunten,"[[{'moment': 'Binnen en buiten examenrooster', 'format': 'Ontwerp', 'percentage': '70,00'}], [{'moment': 'Binnen examenrooster', 'format': 'Ontwerp', 'percentage': '70,00'}], [{'moment': 'Binnen examenrooster', 'format': 'Observatie van functioneren van de student', 'percentage': '30,00'}]]",wel mogelijk.,True,Observatie van functioneren van de student
2025-26,"['Bachelor in de toegepaste informatica, trajectschijf 3']",Real-life Integrated Software Engineering,193783,18 studiepunten,"[[{'moment': 'Binnen en buiten examenrooster', 'format': 'Ontwerp', 'percentage': '70,00'}], [{'moment': 'Binnen examenrooster', 'format': 'Ontwerp', 'percentage': '70,00'}], [{'moment': 'Binnen examenrooster', 'format': 'Observatie van functioneren van de student', 'percentage': '30,00'}]]",wel mogelijk.,True,Observatie van functioneren van de student
2025-26,"['Bachelor in de toegepaste informatica, trajectschijf 3']",Mobile Application Development: Android,193784,4 studiepunten,"[[{'moment': 'Binnen en buiten examenrooster', 'format': 'Ontwerp', 'percentage': '70,00'}], [{'moment': 'Binnen examenrooster', 'format': 'Ontwerp', 'percentage': '70,00'}], [{'moment': 'Binnen examenrooster', 'format': 'Observatie van functioneren van de student', 'percentage': '30,00'}]]",wel mogelijk.,True,Observatie van functioneren van de student
2025-26,"['Bachelor in de toegepaste informatica, trajectschijf 3']",Enterprise Web Development: C#,193785,6 studiepunten,"[[{'moment': 'Binnen en buiten examenrooster', 'format': 'Ontwerp', 'percentage': '70,00'}], [{'moment': 'Binnen examenrooster', 'format': 'Ontwerp', 'percentage': '70,00'}], [{'moment': 'Binnen examenrooster', 'format': 'Observatie van functioneren van de student', 'percentage': '30,00'}]]",wel mogelijk.,True,Observatie van functioneren van de student
2025-26,"['Bachelor in de toegepaste informatica, trajectschijf 3']",DevOps Project: Development,193786,8 studiepunten,"[[{'moment': 'Binnen en buiten examenrooster', 'format': 'Ontwerp', 'percentage': '70,00'}], [{'moment': 'Binnen examenrooster', 'format': 'Ontwerp', 'percentage': '70,00'}], [{'moment': 'Binnen examenrooster', 'format': 'Observatie van functioneren van de student', 'percentage': '30,00'}]]",wel mogelijk.,True,Project in titel
2025-26,"['Bachelor in de toegepaste informatica, trajectschijf 3']",Data Engineering Project II,193788,8 studiepunten,"[[{'moment': 'Buiten examenrooster', 'format': 'Andere', 'percentage': '30,00'}, {'moment': 'Buiten examenrooster', 'format': 'Ontwerp', 'percentage': '70,00'}], [{'moment': 'Binnen examenrooster', 'format': 'Andere', 'percentage': '30,00'}, {'moment': 'Binnen examenrooster', 'format': 'Ontwerp', 'percentage': '70,00'}]]",wel mogelijk.,True,Project in titel
2025-26,"['Bachelor in de toegepaste informatica, trajectschijf 3']",Real-life Integrated Software Engineering,193789,12 studiepunten,"[[{'moment': 'Binnen en buiten examenrooster', 'format': 'Ontwerp', 'percentage': '70,00'}], [{'moment': 'Binnen examenrooster', 'format': 'Ontwerp', 'percentage': '70,00'}], [{'moment': 'Binnen examenrooster', 'format': 'Observatie van functioneren van de student', 'percentage': '30,00'}]]",wel mogelijk.,True,Observatie van functioneren van de student
2025-26,"['Bachelor in de toegepaste informatica, trajectschijf 3']",Real-life Integrated Software Engineering,193790,12 studiepunten,"[[{'moment': 'Binnen en buiten examenrooster', 'format': 'Ontwerp', 'percentage': '70,00'}], [{'moment': 'Binnen examenrooster', 'format': 'Ontwerp', 'percentage': '70,00'}], [{'moment': 'Binnen examenrooster', 'format': 'Observatie van functioneren van de student', 'percentage': '30,00'}]]",wel mogelijk.,True,Observatie van functioneren van de student
2025-26,"['Bachelor in de toegepaste informatica, trajectschijf 3']",Real-life Integrated Software Engineering,193791,12 studiepunten,"[[{'moment': 'Binnen en buiten examenrooster', 'format': 'Ontwerp', 'percentage': '70,00'}], [{'moment': 'Binnen examenrooster', 'format': 'Ontwerp', 'percentage': '70,00'}], [{'moment': 'Binnen examenrooster', 'format': 'Observatie van functioneren van de student', 'percentage': '30,00'}]]",wel mogelijk.,True,Observatie van functioneren van de student
2025-26,"['Bachelor in de toegepaste informatica, trajectschijf 1']",Software Development Project I,193806,4 studiepunten,"[[{'moment': 'Buiten examenrooster', 'format': 'Andere', 'percentage': '30,00'}, {'moment': 'Buiten examenrooster', 'format': 'Ontwerp', 'percentage': '70,00'}], [{'moment': 'Binnen examenrooster', 'format': 'Andere', 'percentage': '30,00'}, {'moment': 'Binnen examenrooster', 'format': 'Ontwerp', 'percentage': '70,00'}]]",wel mogelijk.,True,Project in titel
2025-26,"['Bachelor in de toegepaste informatica, trajectschijf 1']",System Engineering Lab,193807,4 studiepunten,"[[{'moment': 'Buiten examenrooster', 'format': 'Geïntegreerde evaluatie', 'percentage': '70,00'}, {'moment': 'Buiten examenrooster', 'format': 'Observatie van functioneren van de student', 'percentage': '30,00'}], [{'moment': 'Binnen examenrooster', 'format': 'Geïntegreerde evaluatie', 'percentage': '70,00'}, {'moment': 'Binnen examenrooster', 'format': 'Observatie van functioneren van de student', 'percentage': '30,00'}]]",wel mogelijk.,True,Observatie van functioneren van de student
2025-26,"['Bachelor in de toegepaste informatica, trajectschijf 2']",Software Development Project II,193826,8 studiepunten,"[[{'moment': 'Buiten examenrooster', 'format': 'Observatie van functioneren van de student', 'percentage': '30,00'}, {'moment': 'Binnen en buiten examenrooster', 'format': 'Ontwerp', 'percentage': '70,00'}], [{'moment': 'Binnen examenrooster', 'format': 'Observatie van functioneren van de student', 'percentage': '30,00'}, {'moment': 'Binnen examenrooster', 'format': 'Ontwerp', 'percentage': '70,00'}]]",wel mogelijk.,True,Project in titel
2025-26,"['Bachelor in de toegepaste informatica, trajectschijf 2']",System Engineering Project,193829,8 studiepunten,"[[{'moment': 'Buiten examenrooster', 'format': 'Observatie van functioneren van de student', 'percentage': '30,00'}, {'moment': 'Buiten examenrooster', 'format': 'Ontwerp', 'percentage': '70,00'}], [{'moment': 'Binnen examenrooster', 'format': 'Observatie van functioneren van de student', 'percentage': '30,00'}, {'moment': 'Binnen examenrooster', 'format': 'Ontwerp', 'percentage': '70,00'}]]",wel mogelijk.,True,Project in titel
2025-26,"['Bachelor in de toegepaste informatica, trajectschijf 2']",Data Engineering Project I,193831,8 studiepunten,"[[{'moment': 'Buiten examenrooster', 'format': 'Andere', 'percentage': '30,00'}, {'moment': 'Buiten examenrooster', 'format': 'Ontwerp', 'percentage': '70,00'}], [{'moment': 'Binnen examenrooster', 'format': 'Andere', 'percentage': '30,00'}, {'moment': 'Binnen examenrooster', 'format': 'Ontwerp', 'percentage': '70,00'}]]",wel mogelijk.,True,Project in titel
2025-26,"['Bachelor in de toegepaste informatica, trajectschijf 2']",Business Software Project,193834,8 studiepunten,"[[{'moment': 'Buiten examenrooster', 'format': 'Observatie van functioneren van de student', 'percentage': '30,00'}, {'moment': 'Binnen en buiten examenrooster', 'format': 'Ontwerp', 'percentage': '70,00'}], [{'moment': 'Binnen examenrooster', 'format': 'Observatie van functioneren van de student', 'percentage': '30,00'}, {'moment': 'Binnen examenrooster', 'format': 'Ontwerp', 'percentage': '70,00'}]]",wel mogelijk.,True,Project in titel
2025-26,"['Bachelor in de toegepaste informatica, trajectschijf 3']",DevOps Project: Operations,193840,8 studiepunten,"[[{'moment': 'Buiten examenrooster', 'format': 'Observatie van functioneren van de student', 'percentage': '30,00'}, {'moment': 'Buiten examenrooster', 'format': 'Ontwerp', 'percentage': '70,00'}], [{'moment': 'Binnen examenrooster', 'format': 'Observatie van functioneren van de student', 'percentage': '30,00'}, {'moment': 'Binnen examenrooster', 'format': 'Ontwerp', 'percentage': '70,00'}]]",wel mogelijk.,True,Project in titel
2025-26,"['Bachelor in de toegepaste informatica, trajectschijf 3']",Data Engineering Project II,193841,8 studiepunten,"[[{'moment': 'Buiten examenrooster', 'format': 'Andere', 'percentage': '30,00'}, {'moment': 'Buiten examenrooster', 'format': 'Ontwerp', 'percentage': '70,00'}], [{'moment': 'Binnen examenrooster', 'format': 'Andere', 'percentage': '30,00'}, {'moment': 'Binnen examenrooster', 'format': 'Ontwerp', 'percentage': '70,00'}]]",wel mogelijk.,True,Project in titel
2025-26,"['Bachelor in de toegepaste informatica, trajectschijf 3']",Project e-Business,193844,8 studiepunten,"[[{'moment': 'Buiten examenrooster', 'format': 'Observatie van functioneren van de student', 'percentage': '30,00'}, {'moment': 'Binnen en buiten examenrooster', 'format': 'Ontwerp', 'percentage': '70,00'}], [{'moment': 'Binnen examenrooster', 'format': 'Observatie van functioneren van de student', 'percentage': '30,00'}, {'moment': 'Binnen examenrooster', 'format': 'Ontwerp', 'percentage': '70,00'}]]",wel mogelijk.,True,Project in titel
2025-26,"['Bachelor in de toegepaste informatica, trajectschijf 3']",IP Project,193850,3 studiepunten,"[[{'moment': 'Buiten examenrooster', 'format': 'Geïntegreerde evaluatie', 'percentage': '100,00'}], [{'moment': 'Binnen en buiten examenrooster', 'format': 'Geïntegreerde evaluatie', 'percentage': '100,00'}]]",wel mogelijk.,True,Project in titel
2025-26,"['Bachelor in de toegepaste informatica, trajectschijf 3']",Real-life Integrated Software Engineering,193867,18 studiepunten,"[[{'moment': 'Binnen en buiten examenrooster', 'format': 'Ontwerp', 'percentage': '70,00'}], [{'moment': 'Binnen examenrooster', 'format': 'Ontwerp', 'percentage': '70,00'}], [{'moment': 'Binnen examenrooster', 'format': 'Observatie van functioneren van de student', 'percentage': '30,00'}]]",wel mogelijk.,True,Observatie van functioneren van de student
2025-26,"['Bachelor in de toegepaste informatica, trajectschijf 3']",Enterprise Web Development: C#,193869,6 studiepunten,"[[{'moment': 'Binnen en buiten examenrooster', 'format': 'Ontwerp', 'percentage': '70,00'}], [{'moment': 'Binnen examenrooster', 'format': 'Ontwerp', 'percentage': '70,00'}], [{'moment': 'Binnen examenrooster', 'format': 'Observatie van functioneren van de student', 'percentage': '30,00'}]]",wel mogelijk.,True,Observatie van functioneren van de student
2025-26,"['Bachelor in de toegepaste informatica, trajectschijf 3']",Real-life Integrated Software Engineering,193871,12 studiepunten,"[[{'moment': 'Binnen en buiten examenrooster', 'format': 'Ontwerp', 'percentage': '70,00'}], [{'moment': 'Binnen examenrooster', 'format': 'Ontwerp', 'percentage': '70,00'}], [{'moment': 'Binnen examenrooster', 'format': 'Observatie van functioneren van de student', 'percentage': '30,00'}]]",wel mogelijk.,True,Observatie van functioneren van de student
