LessonType,ClassName,SessionCount,ValidAttendanceRates,ExpectedStudentsSum,PresentStudentsSum,WeightedAttendanceRate,MeanAttendanceRate,MedianAttendanceRate,StandardDeviation,Variance,Minimum,Percentile10,Quartile1,Quartile3,Percentile90,Maximum,InterquartileRange,CoefficientOfVariation,MeanExpectedStudents,MedianExpectedStudents,MeanPresentStudents,MedianPresentStudents
Gewoon vak,Linux & Data Processing Automation,1.0,1.0,2.0,1.0,0.5,0.5,0.5,,,0.5,0.5,0.5,0.5,0.5,0.5,0.0,,2.0,2.0,1.0,1.0
Gewoon vak,Infrastructure Automation,25.0,25.0,539.0,191.0,0.35435992578849723,0.3564347826086957,0.43478260869565216,0.2306657988845491,0.05320671077504726,0.0,0.0,0.2608695652173913,0.5,0.6334782608695653,0.7,0.2391304347826087,0.6471472766948803,21.56,23.0,7.64,9.0
Gewoon vak,Databases,25.0,25.0,1500.0,552.0,0.368,0.35254173067076294,0.4032258064516129,0.1775964149136631,0.031540486590185976,0.0,0.011428571428571439,0.2777777777777778,0.4777777777777778,0.5257142857142858,0.5714285714285714,0.2,0.503759979210857,60.0,35.0,22.08,20.0
Gewoon vak,Business & Management,36.0,36.0,7029.0,2005.0,0.2852468345426092,0.2911814108368485,0.3281844683780063,0.11478985444252093,0.013176710682935144,0.0,0.12119143049693186,0.2365702479338843,0.37024704713936085,0.40117729611726183,0.4528301886792453,0.13367679920547657,0.39422109437761704,195.25,233.0,55.69444444444444,55.5
Gewoon vak,Cybersecurity,13.0,13.0,1572.0,425.0,0.2703562340966921,0.25603756708407865,0.3023255813953488,0.12637342763812956,0.01597024321300957,0.0,0.05813953488372094,0.1937984496124031,0.3333333333333333,0.34728682170542635,0.40310077519379844,0.1395348837209302,0.4935737715263891,120.92307692307692,129.0,32.69230769230769,39.0
Gewoon vak,Functional Analysis,38.0,38.0,3165.0,835.0,0.2638230647709321,0.27139688236188547,0.2961165048543689,0.15426707398881145,0.02379833011706943,0.0,0.00679611650485437,0.15692219679633868,0.378136426680116,0.4473684210526316,0.5324675324675324,0.2212142298837773,0.5684187402827604,83.28947368421052,77.0,21.973684210526315,19.0
Gewoon vak,Object-oriented Software Development I,77.0,77.0,11338.0,3028.0,0.26706650202857646,0.26980666268236303,0.29533678756476683,0.11815738572506425,0.013961167801381616,0.0,0.03174751972502149,0.23684210526315788,0.3333333333333333,0.3585276917784658,0.7111111111111111,0.09649122807017543,0.43793353563017134,147.24675324675326,153.0,39.324675324675326,45.0
Gewoon vak,Software Analysis,38.0,38.0,1856.0,484.0,0.2607758620689655,0.2451221511723233,0.2858963466440102,0.20235263477807264,0.040946588801628055,0.0,0.0,0.0,0.36363636363636365,0.4515151515151519,0.7272727272727273,0.36363636363636365,0.8255175381347593,48.8421052631579,33.0,12.736842105263158,3.5
Gewoon vak,Web Development I,35.0,35.0,2412.0,590.0,0.24461028192371476,0.24429175753455418,0.2647058823529412,0.12770463041506205,0.016308472629447596,0.0,0.03773584905660381,0.18094564558496667,0.33003300330033003,0.38623751387347394,0.5217391304347826,0.14908735771536336,0.5227545607919198,68.91428571428571,53.0,16.857142857142858,17.0
Gewoon vak,Communication Lab,62.0,62.0,6454.0,1537.0,0.23814688565230865,0.239133808656404,0.2500814279200052,0.10789326161495319,0.011640955901912732,0.0,0.08066575467396261,0.17647058823529413,0.3081932773109244,0.3719230769230769,0.5294117647058824,0.13172268907563026,0.4511836374001724,104.09677419354838,119.0,24.79032258064516,21.0
Gewoon vak,Windows Server II,26.0,26.0,598.0,112.0,0.18729096989966554,0.19581807081807082,0.23214285714285715,0.15566056670792083,0.024230212027831075,0.0,0.0,0.04067460317460317,0.2837301587301587,0.38888888888888884,0.5,0.24305555555555555,0.794924421722757,23.0,23.0,4.3076923076923075,5.0
Gewoon vak,Object-oriented Software Development II,75.0,75.0,12258.0,2782.0,0.22695382607276882,0.22046887124762957,0.2268041237113402,0.0949179575464854,0.009009418664796404,0.0,0.1015663223702093,0.15840066870994707,0.3013698630136986,0.3200737618545838,0.3795620437956204,0.14296919430375155,0.43052770674311663,163.44,137.0,37.093333333333334,35.0
Gewoon vak,Cybersecurity & Virtualisation,12.0,12.0,780.0,180.0,0.23076923076923078,0.23076923076923073,0.2230769230769231,0.10496035266737745,0.011016675632060248,0.046153846153846156,0.11230769230769232,0.1653846153846154,0.3153846153846154,0.3384615384615385,0.4,0.14999999999999997,0.454828194891969,65.0,65.0,15.0,14.5
Gewoon vak,Mathematics for Machine Learning,14.0,14.0,630.0,114.0,0.18095238095238095,0.18095238095238098,0.2222222222222222,0.1599755781117405,0.02559218559218559,0.0,0.0,0.0,0.3277777777777778,0.35555555555555557,0.37777777777777777,0.3277777777777778,0.8840755632490922,45.0,45.0,8.142857142857142,10.0
Gewoon vak,Cybersecurity Advanced,13.0,13.0,650.0,108.0,0.16615384615384615,0.16615384615384615,0.22,0.1279022062318487,0.016358974358974356,0.0,0.0,0.02,0.24,0.296,0.38,0.22,0.7697817967657561,50.0,50.0,8.307692307692308,11.0
Gewoon vak,Computer Networks I,62.0,62.0,5674.0,1130.0,0.19915403595347198,0.18632304600046534,0.21304637971304638,0.10090686058189607,0.010182194512494212,0.0,0.03911898911898912,0.11428571428571428,0.2586336336336336,0.29615384615384616,0.3581081081081081,0.14434791934791935,0.5415694018959096,91.51612903225806,78.0,18.225806451612904,17.0
Gewoon vak,Costing,38.0,38.0,3848.0,789.0,0.20504158004158005,0.23584987341684474,0.2125748502994012,0.20127325839240076,0.04051092454389413,0.0,0.0,0.1261904761904762,0.25748502994011974,0.5346153846153852,0.7692307692307693,0.13129455374964355,0.8533956600293241,101.26315789473684,105.0,20.763157894736842,17.5
Gewoon vak,Web Development II,89.0,89.0,16192.0,3527.0,0.21782361660079053,0.2101891449577643,0.20761245674740483,0.10070414706850654,0.010141325236795395,0.0,0.08350828729281769,0.15,0.2906574394463668,0.3256036446469249,0.4090909090909091,0.1406574394463668,0.4791120259266584,181.93258426966293,160.0,39.62921348314607,26.0
Gewoon vak,Professional Communication,38.0,38.0,2503.0,660.0,0.2636835797043548,0.2564764183185235,0.20535714285714285,0.2139421758203224,0.045771254594733746,0.0,0.0,0.05194805194805195,0.42727272727272725,0.5596103896103897,0.6285714285714286,0.3753246753246753,0.8341592463858531,65.86842105263158,56.0,17.36842105263158,10.5
Gewoon vak,Content Management Systems,13.0,13.0,130.0,21.0,0.16153846153846155,0.16153846153846155,0.2,0.09607689228305229,0.009230769230769232,0.0,0.020000000000000018,0.1,0.2,0.2800000000000001,0.3,0.1,0.5947617141331808,10.0,10.0,1.6153846153846154,2.0
Gewoon vak,e-Marketing,8.0,8.0,320.0,70.0,0.21875,0.21875,0.2,0.07989949043284676,0.006383928571428571,0.1,0.1525,0.19375,0.23750000000000002,0.305,0.375,0.04375000000000001,0.3652548134072995,40.0,40.0,8.75,8.0
Gewoon vak,IT Fundamentals,107.0,107.0,9623.0,1822.0,0.189338044268939,0.19014463117056968,0.19834710743801653,0.11754622693324995,0.013817115466243098,0.0,0.0,0.1111111111111111,0.26624472573839664,0.3140495867768595,0.5306122448979592,0.15513361462728553,0.6181937728644299,89.93457943925233,79.0,17.02803738317757,18.0
Gewoon vak,Deep Learning,15.0,15.0,1080.0,199.0,0.18425925925925926,0.18425925925925926,0.19444444444444445,0.10828074968570606,0.011724720752498531,0.013888888888888888,0.05,0.11805555555555555,0.24305555555555555,0.3138888888888889,0.4027777777777778,0.125,0.5876543199023243,72.0,72.0,13.266666666666667,14.0
Gewoon vak,Classic Computer Science Algorithms,80.0,80.0,9284.0,1780.0,0.1917277035760448,0.1855453995785071,0.18823529411764706,0.10724497572610543,0.011501484818492945,0.0,0.012287581699346404,0.10799232736572889,0.24691358024691357,0.3259420289855073,0.4740740740740741,0.13892125288118468,0.5779985705370638,116.05,92.0,22.25,20.0
Gewoon vak,Computer Networks II,25.0,25.0,1004.0,244.0,0.24302788844621515,0.26640306122448976,0.1875,0.27785993453429936,0.07720614321940511,0.0,0.0,0.0625,0.22448979591836735,0.7375,0.75,0.16198979591836735,1.0430057870099145,40.16,32.0,9.76,9.0
Gewoon vak,Operating Systems,70.0,70.0,8117.0,1472.0,0.18134778859184428,0.1827181437355138,0.18359375,0.10139034452765984,0.010280001963437563,0.0,0.04380727939251113,0.1206896551724138,0.2577589277762935,0.30694444444444446,0.417910447761194,0.1370692726038797,0.5549002548669896,115.95714285714286,114.0,21.02857142857143,20.5
Gewoon vak,Computer Systems,12.0,12.0,684.0,118.0,0.17251461988304093,0.17251461988304095,0.17543859649122806,0.12558563856531477,0.015771752613857878,0.0,0.0017543859649122823,0.09649122807017543,0.2324561403508772,0.356140350877193,0.3684210526315789,0.13596491228070176,0.7279709896497906,57.0,57.0,9.833333333333334,10.0
Gewoon vak,Linux for Data Scientists,14.0,14.0,1144.0,200.0,0.17482517482517482,0.17307207783398262,0.1728395061728395,0.09178209045717735,0.008423952128689485,0.0,0.0691358024691358,0.13271604938271603,0.20987654320987653,0.26049382716049385,0.37362637362637363,0.0771604938271605,0.5303113685687546,81.71428571428571,81.0,14.285714285714286,14.0
Gewoon vak,Web Services,32.0,32.0,2487.0,449.0,0.18053880176919984,0.17903303310669383,0.1703667953667954,0.07831187179027482,0.006132749263296442,0.0,0.0989010989010989,0.13431838431838433,0.21476833976833976,0.2855212355212355,0.3516483516483517,0.08044995544995542,0.43741576865094645,77.71875,74.0,14.03125,12.0
Gewoon vak,IT2Business,50.0,50.0,2960.0,536.0,0.1810810810810811,0.17639583733179795,0.1689342403628118,0.12174069549117263,0.01482079693867442,0.0,0.009183673469387758,0.07142857142857142,0.25396825396825395,0.3448275862068966,0.3968253968253968,0.18253968253968253,0.690156283349137,59.2,63.0,10.72,11.0
Gewoon vak,Business Start Up IT,2.0,2.0,54.0,9.0,0.16666666666666666,0.16666666666666666,0.16666666666666666,0.23570226039551584,0.05555555555555555,0.0,0.03333333333333333,0.08333333333333333,0.25,0.3,0.3333333333333333,0.16666666666666669,1.4142135623730951,27.0,27.0,4.5,4.5
Gewoon vak,Relational Databases & Datawarehousing,57.0,57.0,5405.0,947.0,0.1752081406105458,0.1578044366852913,0.16129032258064516,0.11158528159640685,0.012451275068949412,0.0,0.0,0.06930693069306931,0.23655913978494625,0.29799999999999993,0.43564356435643564,0.16725220909187694,0.7071111810306125,94.82456140350877,100.0,16.614035087719298,17.0
Gewoon vak,Research Methods,39.0,39.0,5186.0,841.0,0.16216737369841883,0.16398635325365796,0.16037735849056603,0.09445061318381948,0.008920918330799494,0.0,0.04240860215053764,0.0985663082437276,0.2361334136223739,0.309433962264151,0.3333333333333333,0.1375671053786463,0.5759663003037884,132.97435897435898,93.0,21.564102564102566,18.0
Gewoon vak,A.I. voor de bachelorstudent,12.0,12.0,1248.0,176.0,0.14102564102564102,0.14102564102564105,0.15384615384615385,0.09088106973562708,0.008259368836291914,0.0,0.04134615384615385,0.07451923076923077,0.19230769230769232,0.22692307692307695,0.3269230769230769,0.11778846153846155,0.644429403579901,104.0,104.0,14.666666666666666,16.0
Gewoon vak,Modern Data Architectures,36.0,36.0,3011.0,506.0,0.1680504815675855,0.15509510574495333,0.146931853222325,0.08183295079769429,0.006696631836257854,0.0,0.058242753623188405,0.121875,0.19148936170212766,0.2391304347826087,0.37681159420289856,0.06961436170212766,0.5276307747084216,83.63888888888889,80.0,14.055555555555555,11.5
Gewoon vak,Data Science,64.0,64.0,5441.0,798.0,0.14666421613673958,0.15307017566340395,0.1455026455026455,0.10520612257934221,0.01106832822817958,0.0,0.009588744588744594,0.06578947368421052,0.2249216300940439,0.3080308529945554,0.3560606060606061,0.15913215640983336,0.6873064731478904,85.015625,70.0,12.46875,12.0
Gewoon vak,Enterprise Web Development: Java,36.0,36.0,1426.0,234.0,0.1640953716690042,0.13567617866004963,0.14516129032258066,0.10748799044671078,0.01155366809027219,0.0,0.0,0.057692307692307696,0.18548387096774194,0.31,0.36538461538461536,0.12779156327543423,0.7922392236299107,39.611111111111114,52.0,6.5,5.5
Gewoon vak,Advanced Software Development II,37.0,37.0,1440.0,221.0,0.15347222222222223,0.1421406988177174,0.14285714285714285,0.09627896947580093,0.009269639963322208,0.0,0.0,0.0625,0.21739130434782608,0.2826086956521739,0.30434782608695654,0.15489130434782608,0.677349768761655,38.91891891891892,46.0,5.972972972972973,6.0
Gewoon vak,The IT Professional,9.0,9.0,2115.0,397.0,0.18770685579196217,0.18770685579196217,0.14042553191489363,0.18717896245495913,0.035035963985715,0.0,0.0034042553191489366,0.02127659574468085,0.32340425531914896,0.4229787234042553,0.46382978723404256,0.30212765957446813,0.9971876715169737,235.0,235.0,44.111111111111114,33.0
Gewoon vak,Machine Learning,29.0,29.0,1682.0,203.0,0.1206896551724138,0.12068965517241383,0.1206896551724138,0.10697994522405911,0.011444708680142688,0.0,0.0,0.017241379310344827,0.1724137931034483,0.2655172413793103,0.3620689655172414,0.15517241379310345,0.8864052604279181,58.0,58.0,7.0,7.0
Gewoon vak,Research Methods (English taught),19.0,19.0,912.0,108.0,0.11842105263157894,0.11842105263157894,0.10416666666666667,0.06911471427774701,0.004776843729694607,0.0,0.058333333333333334,0.0625,0.17708333333333331,0.20833333333333334,0.25,0.11458333333333331,0.5836353650120859,48.0,48.0,5.684210526315789,5.0
Gewoon vak,Machine Learning Operations,27.0,27.0,1695.0,158.0,0.09321533923303835,0.1067751422772404,0.09859154929577464,0.08210463774858082,0.006741171539825682,0.0,0.010619469026548674,0.04767543312975196,0.16666666666666666,0.18604963112005368,0.38095238095238093,0.1189912335369147,0.7689489894136323,62.77777777777778,71.0,5.851851851851852,5.0
Gewoon vak,Big Data Processing,26.0,26.0,1976.0,237.0,0.11993927125506072,0.12076160667709963,0.09250565119109719,0.07888578514110257,0.0062229670973282004,0.0,0.06172839506172839,0.07133541992696922,0.15140845070422534,0.22839506172839505,0.3380281690140845,0.08007303077725612,0.6532356376479207,76.0,76.0,9.115384615384615,7.0
Gewoon vak,Trends in Artificial Intelligence,26.0,26.0,1465.0,166.0,0.11331058020477816,0.1024975024975025,0.08571428571428572,0.0957077179874063,0.009159967282356893,0.0,0.006666666666666667,0.05714285714285714,0.13,0.2142857142857143,0.43636363636363634,0.07285714285714287,0.9337565858225506,56.34615384615385,55.0,6.384615384615385,3.0
Gewoon vak,Business Processes Advanced & Business Intelligence,4.0,4.0,48.0,4.0,0.08333333333333333,0.08333333333333333,0.08333333333333333,0.09622504486493763,0.009259259259259259,0.0,0.0,0.0,0.16666666666666666,0.16666666666666666,0.16666666666666666,0.16666666666666666,1.1547005383792517,12.0,12.0,1.0,1.0
Gewoon vak,Business analysis,37.0,37.0,4992.0,496.0,0.09935897435897435,0.09147953450279032,0.06666666666666667,0.09432681503506887,0.008897548034660096,0.0,0.0,0.015151515151515152,0.13636363636363635,0.21968992248062014,0.36363636363636365,0.1212121212121212,1.0311247816001041,134.9189189189189,165.0,13.405405405405405,9.0
Gewoon vak,Computer Networks III,15.0,15.0,690.0,69.0,0.1,0.1,0.06521739130434782,0.10223006254170337,0.010450985687280584,0.0,0.0,0.021739130434782608,0.18478260869565216,0.25217391304347825,0.2826086956521739,0.16304347826086957,1.0223006254170337,46.0,46.0,4.6,3.0
Gewoon vak,The IT Professional & Career Orientation,3.0,3.0,747.0,46.0,0.06157965194109773,0.06157965194109771,0.0642570281124498,0.012269278969091937,0.0001505352064214017,0.04819277108433735,0.05140562248995984,0.05622489959839357,0.0682730923694779,0.07068273092369477,0.07228915662650602,0.012048192771084328,0.1992424215198191,249.0,249.0,15.333333333333334,16.0
Gewoon vak,Discover the Mainframe,17.0,17.0,782.0,48.0,0.061381074168797956,0.061381074168797956,0.0,0.13361947593839021,0.01785416435005004,0.0,0.0,0.0,0.0,0.32608695652173914,0.3695652173913043,0.0,2.1768839621629406,46.0,46.0,2.823529411764706,0.0
Gewoon vak,Software Development in ERP II,11.0,11.0,88.0,8.0,0.09090909090909091,0.09090909090909091,0.0,0.12613124477737825,0.015909090909090907,0.0,0.0,0.0,0.25,0.25,0.25,0.25,1.3874436925511606,8.0,8.0,0.7272727272727273,0.0
Groepswerk,DevOps Project: Operations,11.0,11.0,891.0,417.0,0.468013468013468,0.468013468013468,0.48148148148148145,0.03333541166568148,0.0011112496709204528,0.38271604938271603,0.43209876543209874,0.4691358024691358,0.48765432098765427,0.49382716049382713,0.49382716049382713,0.01851851851851849,0.07122746233602445,81.0,81.0,37.90909090909091,39.0
Groepswerk,Software Development Project II,5.0,5.0,465.0,141.0,0.3032258064516129,0.3032258064516129,0.3655913978494624,0.14868289047263317,0.02210660191929703,0.043010752688172046,0.15483870967741936,0.3225806451612903,0.3763440860215054,0.3956989247311828,0.40860215053763443,0.05376344086021506,0.49033719198421577,93.0,93.0,28.2,34.0
Groepswerk,Data Engineering Project I,24.0,24.0,1680.0,445.0,0.2648809523809524,0.2648809523809524,0.33571428571428574,0.19267781709586643,0.037124741200828155,0.0,0.004285714285714289,0.049999999999999996,0.42857142857142855,0.4771428571428571,0.5,0.37857142857142856,0.7274128825192261,70.0,70.0,18.541666666666668,23.5
Groepswerk,System Engineering Project,25.0,25.0,2520.0,692.0,0.2746031746031746,0.27373333333333333,0.32,0.11421762852846608,0.013045666666666669,0.02,0.08000000000000004,0.24,0.34,0.382,0.43,0.10000000000000003,0.417258750103992,100.8,100.0,27.68,32.0
Groepswerk,System Engineering Lab,36.0,36.0,13857.0,2994.0,0.21606408313487768,0.2157920193102539,0.23984142034601696,0.11160382143615241,0.012455412959152591,0.007874015748031496,0.037566449297679466,0.13682864450127877,0.31092796584570154,0.3432715092199153,0.37595907928388744,0.17409932134442277,0.5171823397031869,384.9166666666667,382.0,83.16666666666667,91.5
Groepswerk,Software Development Project I,36.0,36.0,12117.0,2611.0,0.21548238012709417,0.2150089605310742,0.20539551527575478,0.12018324214772144,0.014444011693137849,0.011976047904191617,0.03592814371257485,0.13230994152046782,0.3333333333333333,0.36381622719473333,0.3888888888888889,0.2010233918128655,0.5589685278737577,336.5833333333333,334.0,72.52777777777777,68.5
Groepswerk,Business Software Project,12.0,12.0,96.0,17.0,0.17708333333333334,0.17708333333333334,0.125,0.18042195912175804,0.03255208333333333,0.0,0.0,0.0,0.375,0.375,0.375,0.375,1.0188534162169864,8.0,8.0,1.4166666666666667,1.0
Groepswerk,Data Engineering Project II,3.0,3.0,177.0,32.0,0.1807909604519774,0.1807909604519774,0.0847457627118644,0.2434628409764434,0.059274154936320975,0.0,0.01694915254237288,0.0423728813559322,0.2711864406779661,0.38305084745762713,0.4576271186440678,0.2288135593220339,1.3466538391509526,59.0,59.0,10.666666666666666,5.0
