year,faculties,title,code,credits,evaluation_methods,second_chance
2025-26,"['Bachelor in het bedrijfsmanagement, trajectschijf 2']",Supply Chain Execution,194823,4 studiepunten,"[{'moment': 'Binnen examenrooster', 'format': 'Schriftelijk examen', 'percentage': '100,00'}]",wel mogelijk.
2025-26,"['Bachelor in het bedrijfsmanagement, trajectschijf 2']",Financieel management,194824,4 studiepunten,"[{'moment': 'Binnen examenrooster', 'format': 'Schriftelijk examen', 'percentage': '60,00'}, {'moment': 'Buiten examenrooster', 'format': 'Geïntegreerde evaluatie', 'percentage': '40,00'}]",wel mogelijk.
2025-26,"['Bachelor in het bedrijfsmanagement, trajectschijf 2']",Supply Chain Planning,194825,4 studiepunten,"[{'moment': 'Binnen examenrooster', 'format': 'Schriftelijk examen', 'percentage': '100,00'}]",wel mogelijk.
2025-26,"['Bachelor in het bedrijfsmanagement, trajectschijf 2']","Douane, btw en accijnzen - introductie",194826,4 studiepunten,"[{'moment': 'Binnen examenrooster', 'format': 'Schriftelijk examen', 'percentage': '80,00'}, {'moment': 'Buiten examenrooster', 'format': 'Geïntegreerde evaluatie', 'percentage': '20,00'}]",wel mogelijk.
2025-26,"['Bachelor in het bedrijfsmanagement, trajectschijf 1']",1MK - Strategisch Management (NL of EN),194827,3 studiepunten,"[{'moment': 'Binnen examenrooster', 'format': 'Schriftelijk examen', 'percentage': '100,00'}]",wel mogelijk.
2025-26,"['Bachelor in het bedrijfsmanagement, trajectschijf 1']",Strategisch management,194828,3 studiepunten,"[{'moment': 'Binnen examenrooster', 'format': 'Schriftelijk examen', 'percentage': '100,00'}]",wel mogelijk.
2025-26,"['Bachelor in het bedrijfsmanagement, trajectschijf 1', 'Bachelor in organisatie & management']",Consumentenpsychologie,194829,3 studiepunten,"[{'moment': 'Binnen examenrooster', 'format': 'Schriftelijk examen', 'percentage': '100,00'}]",wel mogelijk.
2025-26,"['Bachelor in het bedrijfsmanagement, trajectschijf 1']",1MK - Spreadsheettoepassingen (NL of EN),194830,3 studiepunten,"[{'moment': 'Binnen examenrooster', 'format': 'Schriftelijk examen', 'percentage': '100,00'}]",wel mogelijk.
2025-26,"['Bachelor in het bedrijfsmanagement, trajectschijf 1']",Spreadsheettoepassingen,194831,3 studiepunten,"[{'moment': 'Binnen examenrooster', 'format': 'Schriftelijk examen', 'percentage': '100,00'}]",wel mogelijk.
2025-26,"['Bachelor in het bedrijfsmanagement, trajectschijf 1']",Onderzoeksvaardigheden,194832,3 studiepunten,"[{'moment': 'Binnen examenrooster', 'format': 'Schriftelijk examen', 'percentage': '100,00'}]",wel mogelijk.
2025-26,"['Bachelor in het bedrijfsmanagement, trajectschijf 1']",Economie,194833,4 studiepunten,"[{'moment': 'Binnen examenrooster', 'format': 'Schriftelijk examen', 'percentage': '100,00'}]",wel mogelijk.
2025-26,"['Bachelor in het bedrijfsmanagement, trajectschijf 1']",Communicatievaardigheden,194834,3 studiepunten,"[{'moment': 'Binnen examenrooster', 'format': 'Schriftelijk examen', 'percentage': '80,00'}, {'moment': 'Buiten examenrooster', 'format': 'Presentatie', 'percentage': '20,00'}]",wel mogelijk.
2025-26,"['Bachelor in het bedrijfsmanagement, trajectschijf 1']",1MK - Keuzeopleidingsonderdeel,194835,3 studiepunten,,wel mogelijk.
2025-26,"['Bachelor in het bedrijfsmanagement, trajectschijf 1']",Trendanalyse,194836,3 studiepunten,"[{'moment': 'Binnen examenrooster', 'format': 'Schriftelijk examen', 'percentage': '80,00'}, {'moment': 'Buiten examenrooster', 'format': 'Geïntegreerde evaluatie', 'percentage': '20,00'}]",wel mogelijk.
2025-26,"['Bachelor in het bedrijfsmanagement, trajectschijf 1']",1MK - Grafisch design (NL of EN),194839,3 studiepunten,,wel mogelijk.
2025-26,"['Bachelor in het bedrijfsmanagement, trajectschijf 1']",Grafisch Design,194840,3 studiepunten,"[{'moment': 'Binnen examenrooster', 'format': 'Schriftelijk examen', 'percentage': '80,00'}, {'moment': 'Buiten examenrooster', 'format': 'Andere', 'percentage': '20,00'}]",wel mogelijk.
2025-26,"['Bachelor in het bedrijfsmanagement, trajectschijf 1']",Graphic Design,194841,3 studiepunten,"[{'moment': 'Binnen examenrooster', 'format': 'Schriftelijk examen', 'percentage': '80,00'}, {'moment': 'Buiten examenrooster', 'format': 'Andere', 'percentage': '20,00'}]",wel mogelijk.
2025-26,"['Bachelor in het bedrijfsmanagement, trajectschijf 1']",Juridische Basisvorming voor Marketeers,194842,5 studiepunten,"[{'moment': 'Binnen examenrooster', 'format': 'Schriftelijk examen', 'percentage': '80,00'}]",wel mogelijk.
2025-26,"['Bachelor in het bedrijfsmanagement, trajectschijf 1']",Chemie,194843,6 studiepunten,"[{'moment': 'Binnen examenrooster', 'format': 'Schriftelijk examen', 'percentage': '80,00'}, {'moment': 'Buiten examenrooster', 'format': 'Schriftelijk examen', 'percentage': '20,00'}]",wel mogelijk.
2025-26,"['Bachelor in het bedrijfsmanagement, trajectschijf 1']",Economie,194844,4 studiepunten,"[{'moment': 'Binnen examenrooster', 'format': 'Schriftelijk examen', 'percentage': '100,00'}]",wel mogelijk.
2025-26,"['Bachelor in het bedrijfsmanagement, trajectschijf 1']","Algemeen, burgerlijk en ondernemingsrecht",194845,4 studiepunten,"[{'moment': 'Binnen examenrooster', 'format': 'Schriftelijk examen', 'percentage': '100,00'}]",
2025-26,"['Bachelor in het bedrijfsmanagement, trajectschijf 1']",Frans,194846,5 studiepunten,"[{'moment': 'Binnen en buiten examenrooster', 'format': 'Geïntegreerde evaluatie', 'percentage': '100,00'}]",wel mogelijk.
2025-26,"['Bachelor in het bedrijfsmanagement, trajectschijf 1']",Engels,194847,5 studiepunten,"[{'moment': 'Binnen examenrooster', 'format': 'Geïntegreerde evaluatie', 'percentage': '100,00'}]",wel mogelijk.
2025-26,"['Bachelor in het bedrijfsmanagement, trajectschijf 1']",Communicatievaardigheden,194848,3 studiepunten,"[{'moment': 'Binnen examenrooster', 'format': 'Schriftelijk examen', 'percentage': '80,00'}, {'moment': 'Buiten examenrooster', 'format': 'Presentatie', 'percentage': '20,00'}]",wel mogelijk.
2025-26,"['Bachelor in het bedrijfsmanagement, trajectschijf 1']",1ML - Spreadsheettoepassingen (NL of EN),194849,3 studiepunten,,wel mogelijk.
2025-26,"['Bachelor in het bedrijfsmanagement, trajectschijf 1']",Spreadsheettoepassingen,194850,3 studiepunten,"[{'moment': 'Binnen examenrooster', 'format': 'Schriftelijk examen', 'percentage': '100,00'}]",wel mogelijk.
2025-26,"['Bachelor in het bedrijfsmanagement, trajectschijf 1']",Strategisch management,194852,3 studiepunten,"[{'moment': 'Binnen examenrooster', 'format': 'Schriftelijk examen', 'percentage': '80,00'}, {'moment': 'Buiten examenrooster', 'format': 'Geïntegreerde evaluatie', 'percentage': '20,00'}]",wel mogelijk.
2025-26,"['Bachelor in het bedrijfsmanagement, trajectschijf 1']",Fysica en procestechnologie,194853,4 studiepunten,"[{'moment': 'Binnen examenrooster', 'format': 'Schriftelijk examen', 'percentage': '90,00'}, {'moment': 'Buiten examenrooster', 'format': 'Presentatie', 'percentage': '10,00'}]",wel mogelijk.
2025-26,"['Bachelor in de houttechnologie', 'Bachelor in het bedrijfsmanagement, trajectschijf 1', 'Micro credential Ecologische Duurzaamheid', 'Micro credential Ecologische duurzaamheid en Duurzaamheidscoördinator']",Mondiale milieuproblematiek,194854,3 studiepunten,"[{'moment': 'Binnen examenrooster', 'format': 'Schriftelijk examen', 'percentage': '90,00'}, {'moment': 'Buiten examenrooster', 'format': 'Observatie van functioneren van de student', 'percentage': '10,00'}]",wel mogelijk.
2025-26,"['Bachelor in het bedrijfsmanagement, trajectschijf 1', 'Micro credential Ecologische Duurzaamheid', 'Micro credential Ecologische duurzaamheid en Duurzaamheidscoördinator']",Mobiliteit,194855,3 studiepunten,"[{'moment': 'Binnen examenrooster', 'format': 'Schriftelijk examen', 'percentage': '90,00'}, {'moment': 'Buiten examenrooster', 'format': 'Presentatie', 'percentage': '10,00'}]",wel mogelijk.
2025-26,"['Bachelor in het bedrijfsmanagement, trajectschijf 1']",Projecten milieu I,194856,5 studiepunten,"[{'moment': 'Buiten examenrooster', 'format': 'Portfolio', 'percentage': '100,00'}]",wel mogelijk.
2025-26,"['Bachelor in het bedrijfsmanagement, trajectschijf 2', 'Micro credential Preventieadviseur']",Risicobeheersing,194857,4 studiepunten,"[{'moment': 'Binnen examenrooster', 'format': 'Schriftelijk examen', 'percentage': '80,00'}, {'moment': 'Buiten examenrooster', 'format': 'Andere', 'percentage': '20,00'}]",wel mogelijk.
2025-26,"['Bachelor in het bedrijfsmanagement, trajectschijf 2', 'Micro credential Preventieadviseur']",Veiligheid,194858,5 studiepunten,"[{'moment': 'Binnen examenrooster', 'format': 'Mondeling examen', 'percentage': '66,00'}, {'moment': 'Binnen examenrooster', 'format': 'Schriftelijk examen', 'percentage': '34,00'}]",wel mogelijk.
2025-26,"['Bachelor in het bedrijfsmanagement, trajectschijf 2', 'Micro credential Preventieadviseur']",Milieuaspecten en gevaarlijke stoffen,194859,3 studiepunten,"[{'moment': 'Binnen examenrooster', 'format': 'Schriftelijk examen', 'percentage': '100,00'}]",wel mogelijk.
2025-26,"['Bachelor in het bedrijfsmanagement, trajectschijf 2', 'Micro credential Preventieadviseur']","Gezondheids-, ergonomische en psychosociale aspecten",194860,5 studiepunten,"[{'moment': 'Binnen examenrooster', 'format': 'Schriftelijk examen', 'percentage': '100,00'}]",wel mogelijk.
2025-26,"['Bachelor in het bedrijfsmanagement, trajectschijf 2', 'Micro credential Preventieadviseur']",Onderzoeksvaardigheden,194861,3 studiepunten,"[{'moment': 'Binnen examenrooster', 'format': 'Schriftelijk examen', 'percentage': '100,00'}]",wel mogelijk.
2025-26,"['Bachelor in het bedrijfsmanagement, trajectschijf 2', 'Micro credential Preventieadviseur']",Project I preventieadviseur,194862,3 studiepunten,"[{'moment': 'Buiten examenrooster', 'format': 'Geïntegreerde evaluatie', 'percentage': '100,00'}]",wel mogelijk.
2025-26,"['Bachelor in het bedrijfsmanagement, trajectschijf 2', 'Micro credential Preventieadviseur']",Project II preventieadviseur,194863,6 studiepunten,"[{'moment': 'Buiten examenrooster', 'format': 'Paper', 'percentage': '70,00'}, {'moment': 'Buiten examenrooster', 'format': 'Presentatie', 'percentage': '30,00'}]",wel mogelijk.
2025-26,"['Bachelor in het bedrijfsmanagement, trajectschijf 2']",Technologie milieucompartimenten I,194864,6 studiepunten,"[{'moment': 'Binnen examenrooster', 'format': 'Schriftelijk examen', 'percentage': '90,00'}, {'moment': 'Buiten examenrooster', 'format': 'Verslag', 'percentage': '10,00'}]",wel mogelijk.
2025-26,"['Bachelor in het bedrijfsmanagement, trajectschijf 2']",Technologie milieucompartimenten II,194865,5 studiepunten,"[{'moment': 'Binnen examenrooster', 'format': 'Schriftelijk examen', 'percentage': '90,00'}, {'moment': 'Buiten examenrooster', 'format': 'Verslag', 'percentage': '10,00'}]",wel mogelijk.
2025-26,"['Bachelor in het bedrijfsmanagement, trajectschijf 2']",Wetgeving milieucompartimenten,194866,5 studiepunten,"[{'moment': 'Binnen examenrooster', 'format': 'Schriftelijk examen', 'percentage': '100,00'}]",wel mogelijk.
2025-26,"['Bachelor in het bedrijfsmanagement, trajectschijf 2']",Le français de l'environnement,194867,3 studiepunten,"[{'moment': 'Binnen examenrooster', 'format': 'Schriftelijk examen', 'percentage': '60,00'}, {'moment': 'Buiten examenrooster', 'format': 'Geïntegreerde evaluatie', 'percentage': '40,00'}]",wel mogelijk.
2025-26,"['Bachelor in het bedrijfsmanagement, trajectschijf 2']",Projecten Milieu II,194868,5 studiepunten,"[{'moment': 'Binnen examenrooster', 'format': 'Presentatie', 'percentage': '20,00'}, {'moment': 'Buiten examenrooster', 'format': 'Portfolio', 'percentage': '80,00'}]",wel mogelijk.
2025-26,"['Bachelor in het bedrijfsmanagement, trajectschijf 3', 'Micro credential Ecologische Duurzaamheid']",Ruimtelijke ordening,194869,4 studiepunten,"[{'moment': 'Binnen examenrooster', 'format': 'Schriftelijk examen', 'percentage': '45,00'}, {'moment': 'Binnen examenrooster', 'format': 'Schriftelijk examen', 'percentage': '35,00'}, {'moment': 'Buiten examenrooster', 'format': 'Andere', 'percentage': '20,00'}]",wel mogelijk.
2025-26,"['Bachelor in het bedrijfsmanagement, trajectschijf 3', 'Micro credential Ecologische Duurzaamheid']",Natuur,194870,6 studiepunten,"[{'moment': 'Binnen examenrooster', 'format': 'Schriftelijk examen', 'percentage': '100,00'}]",
2025-26,"['Bachelor in het bedrijfsmanagement, trajectschijf 3', 'Micro credential Ecologische Duurzaamheid']",Energie,194871,3 studiepunten,"[{'moment': 'Binnen examenrooster', 'format': 'Schriftelijk examen', 'percentage': '90,00'}, {'moment': 'Buiten examenrooster', 'format': 'Verslag', 'percentage': '10,00'}]",wel mogelijk.
2025-26,"['Bachelor in het bedrijfsmanagement, trajectschijf 3']",Controle en remediëring,194872,3 studiepunten,"[{'moment': 'Binnen examenrooster', 'format': 'Schriftelijk examen', 'percentage': '60,00'}, {'moment': 'Buiten examenrooster', 'format': 'Presentatie', 'percentage': '40,00'}]",wel mogelijk.
2025-26,"['Bachelor in het bedrijfsmanagement, trajectschijf 3']",Bedrijfsinterne milieuzorg,194873,5 studiepunten,"[{'moment': 'Binnen examenrooster', 'format': 'Mondeling examen', 'percentage': '55,00'}, {'moment': 'Binnen examenrooster', 'format': 'Mondeling examen', 'percentage': '30,00'}, {'moment': 'Binnen examenrooster', 'format': 'Schriftelijk examen', 'percentage': '15,00'}]",wel mogelijk.
2025-26,"['Bachelor in het bedrijfsmanagement, trajectschijf 3']",3ML - keuzeopleidingsonderdeel,194874,3 studiepunten,,wel mogelijk.
2025-26,"['Bachelor in het bedrijfsmanagement, trajectschijf 3']",Ander opleidingsonderdeel na goedkeuring,194875,3 studiepunten,,wel mogelijk.
2025-26,"['Bachelor in het bedrijfsmanagement, trajectschijf 3']",Zorgsystemen,194876,3 studiepunten,"[{'moment': 'Binnen examenrooster', 'format': 'Schriftelijk examen', 'percentage': '50,00'}, {'moment': 'Buiten examenrooster', 'format': 'Ontwerp', 'percentage': '50,00'}]",wel mogelijk.
2025-26,"['Bachelor in het bedrijfsmanagement, trajectschijf 3']",Internationaal paspoort,194878,3 studiepunten,"[{'moment': 'Binnen examenrooster', 'format': 'Geïntegreerde evaluatie', 'percentage': '100,00'}]",wel mogelijk.
2025-26,"['Bachelor in het bedrijfsmanagement, trajectschijf 3']",Stage en persoonlijke ontwikkeling,194879,12 studiepunten,"[{'moment': 'Binnen examenrooster', 'format': 'Portfolio', 'percentage': '30,00'}, {'moment': 'Buiten examenrooster', 'format': 'Observatie van functioneren van de student', 'percentage': '70,00'}]",wel mogelijk.
2025-26,"['Bachelor in het bedrijfsmanagement, trajectschijf 3']",Bachelorproef,194880,9 studiepunten,"[{'moment': 'Binnen examenrooster', 'format': 'Paper', 'percentage': '70,00'}, {'moment': 'Binnen examenrooster', 'format': 'Presentatie', 'percentage': '30,00'}]",wel mogelijk.
2025-26,"['Bachelor in het bedrijfsmanagement, trajectschijf 3']",Bachelorproef,194881,8 studiepunten,"[{'moment': 'Binnen examenrooster', 'format': 'Paper', 'percentage': '70,00'}, {'moment': 'Binnen examenrooster', 'format': 'Presentatie', 'percentage': '30,00'}]",wel mogelijk.
2025-26,"['Bachelor in het bedrijfsmanagement, trajectschijf 2', 'Micro credential Preventieadviseur']",Uitbouw van een welzijnsbeleid,194882,4 studiepunten,"[{'moment': 'Binnen examenrooster', 'format': 'Schriftelijk examen', 'percentage': '100,00'}]",wel mogelijk.
2025-26,"['Bachelor in het bedrijfsmanagement, trajectschijf 1']",Personen en familierecht,194883,3 studiepunten,"[{'moment': 'Binnen examenrooster', 'format': 'Schriftelijk examen', 'percentage': '100,00'}]",wel mogelijk.
2025-26,"['Bachelor in het bedrijfsmanagement, trajectschijf 1']",Verbintenissenrecht en goederenrecht,194884,6 studiepunten,"[{'moment': 'Binnen examenrooster', 'format': 'Schriftelijk examen', 'percentage': '75,00'}, {'moment': 'Buiten examenrooster', 'format': 'Schriftelijk examen', 'percentage': '25,00'}]",
2025-26,"['Bachelor in het bedrijfsmanagement, trajectschijf 1']",Frans,194885,5 studiepunten,,wel mogelijk.
2025-26,"['Bachelor in het bedrijfsmanagement, trajectschijf 1']",Engels,194886,5 studiepunten,"[{'moment': 'Binnen examenrooster', 'format': 'Geïntegreerde evaluatie', 'percentage': '100,00'}]",wel mogelijk.
2025-26,"['Bachelor in het bedrijfsmanagement, trajectschijf 1']",Communicatievaardigheden,194887,3 studiepunten,"[{'moment': 'Binnen examenrooster', 'format': 'Schriftelijk examen', 'percentage': '80,00'}, {'moment': 'Buiten examenrooster', 'format': 'Presentatie', 'percentage': '20,00'}]",wel mogelijk.
2025-26,"['Bachelor in het bedrijfsmanagement, trajectschijf 1']",Onderzoeksvaardigheden,194888,3 studiepunten,"[{'moment': 'Binnen examenrooster', 'format': 'Schriftelijk examen', 'percentage': '100,00'}]",wel mogelijk.
2025-26,"['Bachelor in het bedrijfsmanagement, trajectschijf 1']",1RE - Spreadsheettoepassingen (NL of EN),194889,3 studiepunten,,wel mogelijk.
2025-26,"['Bachelor in het bedrijfsmanagement, trajectschijf 1']",Spreadsheettoepassingen,194890,3 studiepunten,"[{'moment': 'Binnen examenrooster', 'format': 'Schriftelijk examen', 'percentage': '100,00'}]",wel mogelijk.
2025-26,"['Bachelor in het bedrijfsmanagement, trajectschijf 1']",Strafrecht en jeugdrecht,194891,3 studiepunten,"[{'moment': 'Binnen examenrooster', 'format': 'Schriftelijk examen', 'percentage': '100,00'}]",wel mogelijk.
2025-26,"['Bachelor in het bedrijfsmanagement, trajectschijf 1']",Consumentenrecht,194892,3 studiepunten,"[{'moment': 'Binnen examenrooster', 'format': 'Schriftelijk examen', 'percentage': '100,00'}]",wel mogelijk.
2025-26,"['Bachelor in het bedrijfsmanagement, trajectschijf 1']",Personenbelasting,194893,4 studiepunten,"[{'moment': 'Binnen examenrooster', 'format': 'Schriftelijk examen', 'percentage': '100,00'}]",wel mogelijk.
2025-26,"['Bachelor in het bedrijfsmanagement, trajectschijf 1']",Economie,194894,4 studiepunten,"[{'moment': 'Binnen examenrooster', 'format': 'Schriftelijk examen', 'percentage': '100,00'}]",wel mogelijk.
2025-26,"['Bachelor in het bedrijfsmanagement, trajectschijf 1']",Gerechtelijk privaatrecht,194896,4 studiepunten,"[{'moment': 'Binnen examenrooster', 'format': 'Schriftelijk examen', 'percentage': '100,00'}]",wel mogelijk.
2025-26,"['Bachelor in het bedrijfsmanagement, trajectschijf 1']",Internationaal en Europees recht,194897,4 studiepunten,"[{'moment': 'Binnen examenrooster', 'format': 'Schriftelijk examen', 'percentage': '100,00'}]",wel mogelijk.
2025-26,"['Bachelor in het bedrijfsmanagement, trajectschijf 1', 'Micro credential Inzicht in de boekhouding en jaarrekening']",Basisboekhouden I,194898,4 studiepunten,"[{'moment': 'Binnen examenrooster', 'format': 'Schriftelijk examen', 'percentage': '100,00'}]",wel mogelijk.
2025-26,"['Bachelor in het bedrijfsmanagement, trajectschijf 1']",1AF - Strategisch Management (NL of EN),194899,3 studiepunten,"[{'moment': 'Binnen examenrooster', 'format': 'Schriftelijk examen', 'percentage': '100,00'}]",wel mogelijk.
2025-26,"['Bachelor in het bedrijfsmanagement, trajectschijf 1']",Strategisch Management,194900,3 studiepunten,"[{'moment': 'Binnen examenrooster', 'format': 'Schriftelijk examen', 'percentage': '80,00'}, {'moment': 'Buiten examenrooster', 'format': 'Geïntegreerde evaluatie', 'percentage': '20,00'}]",wel mogelijk.
2025-26,"['Bachelor in het bedrijfsmanagement, trajectschijf 1']",Economie,194901,4 studiepunten,"[{'moment': 'Binnen examenrooster', 'format': 'Schriftelijk examen', 'percentage': '100,00'}]",wel mogelijk.
2025-26,"['Bachelor in het bedrijfsmanagement, trajectschijf 1']",Onderzoeksvaardigheden,194902,3 studiepunten,"[{'moment': 'Binnen examenrooster', 'format': 'Schriftelijk examen', 'percentage': '100,00'}]",wel mogelijk.
2025-26,"['Bachelor in het bedrijfsmanagement, trajectschijf 1']",1AF - Spreadsheettoepassingen (NL of EN),194903,3 studiepunten,,wel mogelijk.
2025-26,"['Bachelor in het bedrijfsmanagement, trajectschijf 1']",Spreadsheettoepassingen,194904,3 studiepunten,"[{'moment': 'Binnen examenrooster', 'format': 'Schriftelijk examen', 'percentage': '100,00'}]",wel mogelijk.
2025-26,"['Bachelor in het bedrijfsmanagement, trajectschijf 1']",Communicatievaardigheden,194905,3 studiepunten,"[{'moment': 'Binnen examenrooster', 'format': 'Schriftelijk examen', 'percentage': '80,00'}, {'moment': 'Buiten examenrooster', 'format': 'Presentatie', 'percentage': '20,00'}]",wel mogelijk.
2025-26,"['Bachelor in het bedrijfsmanagement, trajectschijf 1', 'Micro credential Inzicht in de boekhouding en jaarrekening']",Basisboekhouden II en Boekhoudsoftware,194906,4 studiepunten,"[{'moment': 'Binnen examenrooster', 'format': 'Schriftelijk examen', 'percentage': '70,00'}, {'moment': 'Buiten examenrooster', 'format': 'Schriftelijk examen', 'percentage': '30,00'}]",wel mogelijk.
2025-26,"['Bachelor in het bedrijfsmanagement, trajectschijf 1']",Personenbelasting I,194907,4 studiepunten,"[{'moment': 'Binnen examenrooster', 'format': 'Schriftelijk examen', 'percentage': '100,00'}]",wel mogelijk.
2025-26,"['Bachelor in het bedrijfsmanagement, trajectschijf 1']",Sociale wetgeving,194908,3 studiepunten,"[{'moment': 'Binnen examenrooster', 'format': 'Mondeling examen', 'percentage': '100,00'}]",wel mogelijk.
2025-26,"['Bachelor in het bedrijfsmanagement, trajectschijf 1']",IT & data voor Accountants,194909,3 studiepunten,"[{'moment': 'Binnen examenrooster', 'format': 'Schriftelijk examen', 'percentage': '100,00'}]",wel mogelijk.
2025-26,"['Bachelor in het bedrijfsmanagement, trajectschijf 1']",Bedrijfsproject,194910,4 studiepunten,"[{'moment': 'Buiten examenrooster', 'format': 'Geïntegreerde evaluatie', 'percentage': '100,00'}]",wel mogelijk.
2025-26,"['Bachelor in het bedrijfsmanagement, trajectschijf 2']",Algemeen en vennootschapsboekhouden I,194911,4 studiepunten,"[{'moment': 'Binnen examenrooster', 'format': 'Schriftelijk examen', 'percentage': '100,00'}]",wel mogelijk.
2025-26,"['Bachelor in het bedrijfsmanagement, trajectschijf 2']",Personenbelasting II en procedures,194912,6 studiepunten,"[{'moment': 'Binnen examenrooster', 'format': 'Mondeling examen', 'percentage': '70,00'}, {'moment': 'Buiten examenrooster', 'format': 'Schriftelijk examen', 'percentage': '30,00'}]",wel mogelijk.
2025-26,"['Bachelor in het bedrijfsmanagement, trajectschijf 2']",Vennootschapsrecht,194915,5 studiepunten,"[{'moment': 'Binnen examenrooster', 'format': 'Schriftelijk examen', 'percentage': '100,00'}]",wel mogelijk.
2025-26,"['Bachelor in het bedrijfsmanagement, trajectschijf 2']",Frans II,194916,3 studiepunten,"[{'moment': 'Buiten examenrooster', 'format': 'Mondeling examen', 'percentage': '100,00'}]",wel mogelijk.
2025-26,"['Bachelor in het bedrijfsmanagement, trajectschijf 2']",Engels II,194917,3 studiepunten,"[{'moment': 'Binnen examenrooster', 'format': 'Mondeling examen', 'percentage': '20,00'}, {'moment': 'Binnen examenrooster', 'format': 'Schriftelijk examen', 'percentage': '80,00'}]",wel mogelijk.
2025-26,"['Bachelor in het bedrijfsmanagement, trajectschijf 2']",Algemeen en vennootschapsboekhouden II,194918,4 studiepunten,"[{'moment': 'Binnen examenrooster', 'format': 'Schriftelijk examen', 'percentage': '100,00'}]",wel mogelijk.
2025-26,"['Bachelor in het bedrijfsmanagement, trajectschijf 2']",Vennootschapsbelasting I,194919,4 studiepunten,"[{'moment': 'Binnen examenrooster', 'format': 'Schriftelijk examen', 'percentage': '100,00'}]",wel mogelijk.
2025-26,"['Bachelor in het bedrijfsmanagement, trajectschijf 1']",Verzekeringsrecht,194922,3 studiepunten,"[{'moment': 'Binnen examenrooster', 'format': 'Schriftelijk examen', 'percentage': '100,00'}]",wel mogelijk.
2025-26,"['Bachelor in de agro- en biotechnologie', 'Bachelor in de chemie', 'Bachelor in de elektromechanica', 'Bachelor in de logopedie en audiologie', 'Bachelor in de medische technologie', 'Bachelor in de muziek', 'Bachelor in de orthopedagogie', 'Bachelor in de verpleegkunde', 'Bachelor in de verpleegkunde (Duaal)', 'Bachelor in de voedings- en dieetkunde', 'Bachelor in het bedrijfsmanagement, trajectschijf 3', 'Bachelor in organisatie & management', 'Educatieve bachelor in het kleuteronderwijs', 'Educatieve bachelor in het lager onderwijs', 'Master in de muziek']",Ondernemen,194923,3 studiepunten,"[{'moment': 'Buiten examenrooster', 'format': 'Geïntegreerde evaluatie', 'percentage': '50,00'}, {'moment': 'Buiten examenrooster', 'format': 'Logboek', 'percentage': '50,00'}]",wel mogelijk.
2025-26,"['Bachelor in het bedrijfsmanagement, trajectschijf 2']",2AF - Financieel management (NL of EN),194924,6 studiepunten,,wel mogelijk.
2025-26,"['Bachelor in het bedrijfsmanagement, trajectschijf 2']",Financieel management,194925,6 studiepunten,"[{'moment': 'Binnen examenrooster', 'format': 'Schriftelijk examen', 'percentage': '100,00'}]",wel mogelijk.
2025-26,"['Bachelor in het bedrijfsmanagement, trajectschijf 2']",Financial Management (English language),194926,6 studiepunten,"[{'moment': 'Binnen examenrooster', 'format': 'Schriftelijk examen', 'percentage': '100,00'}]",wel mogelijk.
2025-26,"['Bachelor in het bedrijfsmanagement, trajectschijf 2']",2AF - Management accounting (NL of EN),194927,6 studiepunten,,wel mogelijk.
2025-26,"['Bachelor in het bedrijfsmanagement, trajectschijf 2']",Management accounting,194928,6 studiepunten,"[{'moment': 'Binnen examenrooster', 'format': 'Schriftelijk examen', 'percentage': '100,00'}]",wel mogelijk.
2025-26,"['Bachelor in het bedrijfsmanagement, trajectschijf 2']",Management accounting (English language),194929,6 studiepunten,"[{'moment': 'Binnen examenrooster', 'format': 'Schriftelijk examen', 'percentage': '100,00'}]",wel mogelijk.
2025-26,"['Bachelor in het bedrijfsmanagement, trajectschijf 3']",3KM - Supply Chain Management (NL of EN),194934,3 studiepunten,,wel mogelijk.
2025-26,"['Bachelor in het bedrijfsmanagement, trajectschijf 3']",Supply Chain Management,194935,3 studiepunten,"[{'moment': 'Binnen examenrooster', 'format': 'Schriftelijk examen', 'percentage': '100,00'}]",wel mogelijk.
2025-26,"['Bachelor in het bedrijfsmanagement, trajectschijf 3']",Supply Chain Management (English language),194936,3 studiepunten,"[{'moment': 'Binnen examenrooster', 'format': 'Schriftelijk examen', 'percentage': '100,00'}]",wel mogelijk.
2025-26,"['Bachelor in het bedrijfsmanagement, trajectschijf 3']",3KM - Business software II (NL of EN),194937,4 studiepunten,,wel mogelijk.
2025-26,"['Bachelor in het bedrijfsmanagement, trajectschijf 3']",Business software II,194938,4 studiepunten,"[{'moment': 'Binnen examenrooster', 'format': 'Mondeling examen', 'percentage': '60,00'}, {'moment': 'Buiten examenrooster', 'format': 'Paper', 'percentage': '40,00'}]",wel mogelijk.
2025-26,"['Bachelor in het bedrijfsmanagement, trajectschijf 3']",Business Software II (English language),194939,4 studiepunten,"[{'moment': 'Binnen examenrooster', 'format': 'Mondeling examen', 'percentage': '60,00'}, {'moment': 'Buiten examenrooster', 'format': 'Paper', 'percentage': '40,00'}]",wel mogelijk.
2025-26,"['Bachelor in het bedrijfsmanagement, trajectschijf 3']",Strategie en Quality Management,194940,3 studiepunten,"[{'moment': 'Binnen examenrooster', 'format': 'Geïntegreerde evaluatie', 'percentage': '100,00'}]",wel mogelijk.
2025-26,"['Bachelor in het bedrijfsmanagement, trajectschijf 3']",Business Project: Marketingcase,194941,8 studiepunten,"[{'moment': 'Buiten examenrooster', 'format': 'Geïntegreerde evaluatie', 'percentage': '100,00'}]",wel mogelijk.
2025-26,"['Bachelor in het bedrijfsmanagement, trajectschijf 3']",Financieel management,194942,6 studiepunten,"[{'moment': 'Binnen examenrooster', 'format': 'Schriftelijk examen', 'percentage': '100,00'}]",wel mogelijk.
2025-26,"['Bachelor in het bedrijfsmanagement, trajectschijf 3']",Frans IV,194943,3 studiepunten,"[{'moment': 'Buiten examenrooster', 'format': 'Geïntegreerde evaluatie', 'percentage': '100,00'}]",wel mogelijk.
2025-26,"['Bachelor in het bedrijfsmanagement, trajectschijf 3']",Vennootschapsbelasting,194944,3 studiepunten,"[{'moment': 'Binnen examenrooster', 'format': 'Schriftelijk examen', 'percentage': '100,00'}]",wel mogelijk.
2025-26,"['Bachelor in het bedrijfsmanagement, trajectschijf 3']",3KM - Keuzeopleidingsonderdeel,194945,3 studiepunten,,wel mogelijk.
2025-26,"['Bachelor in het bedrijfsmanagement, trajectschijf 3']",Vermogensplanning,194947,3 studiepunten,"[{'moment': 'Binnen examenrooster', 'format': 'Schriftelijk examen', 'percentage': '80,00'}, {'moment': 'Buiten examenrooster', 'format': 'Geïntegreerde evaluatie', 'percentage': '20,00'}]",wel mogelijk.
2025-26,"['Bachelor in het bedrijfsmanagement, trajectschijf 3']",Employer branding,194948,3 studiepunten,"[{'moment': 'Buiten examenrooster', 'format': 'Paper', 'percentage': '100,00'}]",wel mogelijk.
2025-26,"['Bachelor in het bedrijfsmanagement, trajectschijf 3', 'IC Chemistry, Biotechnology and Environmental Technology']",Cross Cultural Communication,194949,3 studiepunten,"[{'moment': 'Buiten examenrooster', 'format': 'Portfolio', 'percentage': '50,00'}, {'moment': 'Buiten examenrooster', 'format': 'Presentatie', 'percentage': '50,00'}]",wel mogelijk.
2025-26,"['Bachelor in het bedrijfsmanagement, trajectschijf 3']",Website Management (English language),194950,3 studiepunten,"[{'moment': 'Binnen examenrooster', 'format': 'Presentatie', 'percentage': '100,00'}]",wel mogelijk.
2025-26,"['Bachelor in het bedrijfsmanagement, trajectschijf 3']",Ander opleidingsonderdeel na goedkeuring,194951,3 studiepunten,,wel mogelijk.
2025-26,"['Bachelor in het bedrijfsmanagement, trajectschijf 3']",Businessproject: integrale managementcases,194952,4 studiepunten,"[{'moment': 'Buiten examenrooster', 'format': 'Geïntegreerde evaluatie', 'percentage': '100,00'}]",wel mogelijk.
2025-26,"['Bachelor in het bedrijfsmanagement, trajectschijf 3']",Internationaal Paspoort,194953,3 studiepunten,"[{'moment': 'Binnen examenrooster', 'format': 'Geïntegreerde evaluatie', 'percentage': '100,00'}]",wel mogelijk.
2025-26,"['Bachelor in het bedrijfsmanagement, trajectschijf 3']",Stage en persoonlijke ontwikkeling,194954,13 studiepunten,"[{'moment': 'Binnen examenrooster', 'format': 'Verslag', 'percentage': '30,00'}, {'moment': 'Buiten examenrooster', 'format': 'Observatie van functioneren van de student', 'percentage': '70,00'}]",wel mogelijk.
2025-26,"['Bachelor in het bedrijfsmanagement, trajectschijf 3']",Bachelorproef,194955,7 studiepunten,"[{'moment': 'Binnen examenrooster', 'format': 'Paper', 'percentage': '70,00'}, {'moment': 'Binnen examenrooster', 'format': 'Presentatie', 'percentage': '30,00'}]",wel mogelijk.
2025-26,"['Bachelor in het bedrijfsmanagement, trajectschijf 3']",Goederen- en transportverzekering,194956,4 studiepunten,"[{'moment': 'Binnen examenrooster', 'format': 'Schriftelijk examen', 'percentage': '70,00'}, {'moment': 'Buiten examenrooster', 'format': 'Paper', 'percentage': '30,00'}]",wel mogelijk.
2025-26,"['Bachelor in het bedrijfsmanagement, trajectschijf 3']","Douane, btw en accijnzen - verdieping",194957,4 studiepunten,"[{'moment': 'Binnen examenrooster', 'format': 'Schriftelijk examen', 'percentage': '80,00'}, {'moment': 'Buiten examenrooster', 'format': 'Geïntegreerde evaluatie', 'percentage': '20,00'}]",wel mogelijk.
2025-26,"['Bachelor in het bedrijfsmanagement, trajectschijf 3']",3SCM - Keuzeopleidingsonderdeel,194958,3 studiepunten,,wel mogelijk.
2025-26,"['Bachelor in het bedrijfsmanagement, trajectschijf 3']",Ander opleidingsonderdeel na goedkeuring,194959,3 studiepunten,,wel mogelijk.
2025-26,"['Bachelor in het bedrijfsmanagement, trajectschijf 3']",Bachelorproef,194960,8 studiepunten,"[{'moment': 'Buiten examenrooster', 'format': 'Geïntegreerde evaluatie', 'percentage': '100,00'}]",wel mogelijk.
2025-26,"['Bachelor in het bedrijfsmanagement, trajectschijf 3']",Logistics lab,194961,3 studiepunten,"[{'moment': 'Binnen examenrooster', 'format': 'Geïntegreerde evaluatie', 'percentage': '100,00'}]",wel mogelijk.
2025-26,"['Bachelor in het bedrijfsmanagement, trajectschijf 3']",Stage en persoonlijke ontwikkeling,194962,12 studiepunten,"[{'moment': 'Buiten examenrooster', 'format': 'Geïntegreerde evaluatie', 'percentage': '100,00'}]",wel mogelijk.
2025-26,"['Bachelor in het bedrijfsmanagement, trajectschijf 3']",Internationaal paspoort,194963,3 studiepunten,"[{'moment': 'Binnen examenrooster', 'format': 'Geïntegreerde evaluatie', 'percentage': '100,00'}]",wel mogelijk.
2025-26,"['Bachelor in het bedrijfsmanagement, trajectschijf 2']",Database Marketing,194964,3 studiepunten,"[{'moment': 'Binnen examenrooster', 'format': 'Schriftelijk examen', 'percentage': '100,00'}]",wel mogelijk.
2025-26,"['Bachelor in het bedrijfsmanagement, trajectschijf 2']",2MK - Keuzeopleidingsonderdeel,194965,3 studiepunten,,wel mogelijk.
2025-26,"['Bachelor in het bedrijfsmanagement, trajectschijf 2', 'Bachelor in organisatie & management']",Dienstenmarketing,194966,3 studiepunten,"[{'moment': 'Binnen examenrooster', 'format': 'Schriftelijk examen', 'percentage': '100,00'}]",wel mogelijk.
2025-26,"['Bachelor in het bedrijfsmanagement, trajectschijf 3']",3MK - Website management (NL of EN),194967,3 studiepunten,,wel mogelijk.
2025-26,"['Bachelor in het bedrijfsmanagement, trajectschijf 3']",Website management,194968,3 studiepunten,"[{'moment': 'Binnen examenrooster', 'format': 'Presentatie', 'percentage': '100,00'}]",wel mogelijk.
2025-26,"['Bachelor in het bedrijfsmanagement, trajectschijf 3']",Website Management (English language),194969,3 studiepunten,"[{'moment': 'Binnen examenrooster', 'format': 'Presentatie', 'percentage': '100,00'}]",wel mogelijk.
2025-26,"['Bachelor in het bedrijfsmanagement, trajectschijf 3']",Sales Intelligence,194970,3 studiepunten,"[{'moment': 'Binnen examenrooster', 'format': 'Mondeling examen', 'percentage': '80,00'}, {'moment': 'Buiten examenrooster', 'format': 'Geïntegreerde evaluatie', 'percentage': '20,00'}]",wel mogelijk.
2025-26,"['Bachelor in het bedrijfsmanagement, trajectschijf 3']",3MK - Keuzeopleidingsonderdeel,194971,3 studiepunten,,wel mogelijk.
2025-26,"['Bachelor in het bedrijfsmanagement, trajectschijf 3']",Ander opleidingsonderdeel na goedkeuring,194972,3 studiepunten,,wel mogelijk.
2025-26,"['Bachelor in het bedrijfsmanagement, trajectschijf 3']",Internationaal Paspoort,194973,3 studiepunten,"[{'moment': 'Binnen examenrooster', 'format': 'Geïntegreerde evaluatie', 'percentage': '100,00'}]",wel mogelijk.
2025-26,"['Bachelor in het bedrijfsmanagement, trajectschijf 3']",Bachelorproef,194974,7 studiepunten,"[{'moment': 'Binnen en buiten examenrooster', 'format': 'Geïntegreerde evaluatie', 'percentage': '100,00'}]",wel mogelijk.
2025-26,"['Bachelor in het bedrijfsmanagement, trajectschijf 3']",Stage en Persoonlijke Ontwikkeling,194975,13 studiepunten,"[{'moment': 'Buiten examenrooster', 'format': 'Geïntegreerde evaluatie', 'percentage': '70,00'}, {'moment': 'Buiten examenrooster', 'format': 'Geïntegreerde evaluatie', 'percentage': '30,00'}]",wel mogelijk.
2025-26,"['Bachelor in het bedrijfsmanagement, trajectschijf 2']",Administratief recht,194976,5 studiepunten,"[{'moment': 'Binnen examenrooster', 'format': 'Schriftelijk examen', 'percentage': '100,00'}]",wel mogelijk.
2025-26,"['Bachelor in het bedrijfsmanagement, trajectschijf 2']",Strafprocesrecht,194977,3 studiepunten,"[{'moment': 'Binnen examenrooster', 'format': 'Schriftelijk examen', 'percentage': '100,00'}]",wel mogelijk.
2025-26,"['Bachelor in het bedrijfsmanagement, trajectschijf 2']",2RE - Strategisch Management (NL of EN),194978,3 studiepunten,"[{'moment': 'Binnen examenrooster', 'format': 'Schriftelijk examen', 'percentage': '100,00'}]",wel mogelijk.
2025-26,"['Bachelor in het bedrijfsmanagement, trajectschijf 2']",Strategisch management,194979,3 studiepunten,"[{'moment': 'Binnen examenrooster', 'format': 'Schriftelijk examen', 'percentage': '80,00'}, {'moment': 'Buiten examenrooster', 'format': 'Geïntegreerde evaluatie', 'percentage': '20,00'}]",wel mogelijk.
2025-26,"['Bachelor in het bedrijfsmanagement, trajectschijf 2']",Boekhouden,194980,3 studiepunten,"[{'moment': 'Binnen examenrooster', 'format': 'Schriftelijk examen', 'percentage': '100,00'}]",wel mogelijk.
2025-26,"['Bachelor in het bedrijfsmanagement, trajectschijf 2']",Juridisch Frans en Engels I,194981,5 studiepunten,"[{'moment': 'Buiten examenrooster', 'format': 'Mondeling examen', 'percentage': '30,00'}, {'moment': 'Binnen examenrooster', 'format': 'Schriftelijk examen', 'percentage': '70,00'}]",
2025-26,"['Bachelor in het bedrijfsmanagement, trajectschijf 2']",Verzekeringsrecht,194982,5 studiepunten,"[{'moment': 'Binnen examenrooster', 'format': 'Schriftelijk examen', 'percentage': '100,00'}]",wel mogelijk.
2025-26,"['Bachelor in het bedrijfsmanagement, trajectschijf 2']",Project overheid,194983,7 studiepunten,"[{'moment': 'Buiten examenrooster', 'format': 'Geïntegreerde evaluatie', 'percentage': '100,00'}, {'moment': 'Buiten examenrooster', 'format': 'Observatie van functioneren van de student', 'percentage': '0,00'}]",wel mogelijk.
2025-26,"['Bachelor in het bedrijfsmanagement, trajectschijf 2']",Fiscaliteit ondernemen,194984,5 studiepunten,"[{'moment': 'Binnen examenrooster', 'format': 'Schriftelijk examen', 'percentage': '100,00'}]",wel mogelijk.
2025-26,"['Bachelor in het bedrijfsmanagement, trajectschijf 2']",Project onderneming,194985,7 studiepunten,"[{'moment': 'Buiten examenrooster', 'format': 'Observatie van functioneren van de student', 'percentage': '0,00'}, {'moment': 'Binnen en buiten examenrooster', 'format': 'Geïntegreerde evaluatie', 'percentage': '100,00'}]",wel mogelijk.
2025-26,"['Bachelor in het bedrijfsmanagement, trajectschijf 2']",Familiaal vermogensrecht,194986,5 studiepunten,"[{'moment': 'Binnen examenrooster', 'format': 'Schriftelijk examen', 'percentage': '100,00'}]",wel mogelijk.
2025-26,"['Bachelor in het bedrijfsmanagement, trajectschijf 3']",Vermogensplanning en fiscale procedure,194987,5 studiepunten,"[{'moment': 'Binnen examenrooster', 'format': 'Schriftelijk examen', 'percentage': '100,00'}]",wel mogelijk.
2025-26,"['Bachelor in het bedrijfsmanagement, trajectschijf 3']",Insolventierecht,194988,4 studiepunten,"[{'moment': 'Binnen examenrooster', 'format': 'Schriftelijk examen', 'percentage': '100,00'}]",wel mogelijk.
2025-26,"['Bachelor in het bedrijfsmanagement, trajectschijf 3']",Socialezekerheidsrecht,194989,4 studiepunten,"[{'moment': 'Binnen examenrooster', 'format': 'Schriftelijk examen', 'percentage': '100,00'}]",wel mogelijk.
2025-26,"['Bachelor in het bedrijfsmanagement, trajectschijf 3']",3RE - Keuzeopleidingsonderdeel,194990,3 studiepunten,,wel mogelijk.
2025-26,"['Bachelor in het bedrijfsmanagement, trajectschijf 3']",Topics of International Law,194992,3 studiepunten,"[{'moment': 'Buiten examenrooster', 'format': 'Andere', 'percentage': '90,00'}, {'moment': 'Buiten examenrooster', 'format': 'Verslag', 'percentage': '10,00'}]",wel mogelijk.
2025-26,"['Bachelor in het bedrijfsmanagement, trajectschijf 3']",Ander opleidingsonderdeel na goedkeuring,194993,3 studiepunten,,wel mogelijk.
2025-26,"['Bachelor in het bedrijfsmanagement, trajectschijf 3']",Juridisch Frans en Engels II,194994,6 studiepunten,"[{'moment': 'Buiten examenrooster', 'format': 'Mondeling examen', 'percentage': '40,00'}, {'moment': 'Binnen examenrooster', 'format': 'Schriftelijk examen', 'percentage': '60,00'}]",
2025-26,"['Bachelor in het bedrijfsmanagement, trajectschijf 3']",Partim Juridisch Frans II,194995,3 studiepunten,"[{'moment': 'Binnen examenrooster', 'format': 'Schriftelijk examen', 'percentage': '60,00'}, {'moment': 'Buiten examenrooster', 'format': 'Mondeling examen', 'percentage': '40,00'}]",
2025-26,"['Bachelor in het bedrijfsmanagement, trajectschijf 3']",Partim Juridisch Engels II,194996,3 studiepunten,"[{'moment': 'Binnen examenrooster', 'format': 'Mondeling examen', 'percentage': '40,00'}, {'moment': 'Buiten examenrooster', 'format': 'Geïntegreerde evaluatie', 'percentage': '60,00'}]",
2025-26,"['Bachelor in het bedrijfsmanagement, trajectschijf 3']",Project vermogen en insolventie,194997,7 studiepunten,"[{'moment': 'Buiten examenrooster', 'format': 'Geïntegreerde evaluatie', 'percentage': '100,00'}, {'moment': 'Buiten examenrooster', 'format': 'Observatie van functioneren van de student', 'percentage': '0,00'}]",wel mogelijk.
2025-26,"['Bachelor in het bedrijfsmanagement, trajectschijf 3']",ICT skills,194998,3 studiepunten,"[{'moment': 'Buiten examenrooster', 'format': 'Geïntegreerde evaluatie', 'percentage': '100,00'}]",wel mogelijk.
2025-26,"['Bachelor in het bedrijfsmanagement, trajectschijf 3']",Project Internationaal privaatrecht en kritisch denken   (RE),194999,5 studiepunten,"[{'moment': 'Buiten examenrooster', 'format': 'Geïntegreerde evaluatie', 'percentage': '100,00'}]",
